DrugID;Segment;Year;Month;Series;TotDrugQn;MnfPrice;PrcPrice;RtlPrice;Funds;VendorID
29398;1;2015;11;"FG7845";3.00;307.22;305.93;367.30;0.00;16866
20752;1;2015;11;"216015";2.00;319.98;326.70;390.60;0.00;16866
49587;1;2015;11;"3330415";2.00;273.53;282.62;337.30;0.00;16866
66063;1;2015;11;"1031272";1.00;1433.16;1431.30;1639.70;0.00;16866
68686;1;2015;11;"496";1.00;220.92;224.30;268.40;0.00;16866
25529;1;2015;11;"147764";2.00;758.60;764.23;874.50;0.00;16866
68545;1;2015;11;"150515";2.00;110.00;96.39;118.30;0.00;16866
66311;1;2015;11;"5V044";2.00;43.74;45.03;54.90;0.00;16866
49569;1;2015;11;"14K01/31";1.00;654.05;687.35;782.40;0.00;16866
45047;1;2015;11;"R00756B";2.00;129.69;127.47;153.40;0.00;16866
66700;1;2015;11;"408141";1.00;389.47;385.69;463.50;0.00;16866
31431;1;2015;11;"30415";5.00;127.70;127.43;152.90;0.00;16866
316;1;2015;11;"255052015";1.00;445.50;347.93;437.00;0.00;16860
68244;1;2015;11;"110515";5.00;44.33;46.86;56.90;0.00;16860
52490;1;2015;11;"A400947";1.00;158.70;162.14;193.80;0.00;16860
68763;1;2015;11;"40415";1.00;306.21;230.78;292.00;0.00;16860
68735;1;2015;11;"20115";2.00;153.59;123.86;154.50;0.00;16860
68747;1;2015;11;"10614";3.00;177.74;97.35;132.80;0.00;16860
67407;1;2015;11;"R13317";1.00;147.79;157.63;187.10;0.00;16860
55365;1;2015;11;"180415";6.00;43.61;40.92;50.80;0.00;16860
27042;1;2015;11;"NB9280";1.00;629.48;566.39;657.90;0.00;16860
49550;1;2015;11;"230715";1.00;233.18;230.01;276.60;0.00;16860
34770;1;2015;11;"5140B0215";1.00;1343.62;1300.97;1496.40;0.00;16860
68244;1;2015;11;"120615";5.00;44.33;46.86;56.90;0.00;16860
52121;1;2015;11;"2540913";1.00;226.02;231.55;276.70;0.00;16860
43706;1;2015;11;"C739830";2.00;338.60;353.20;420.92;0.00;558
48172;1;2015;11;"5B1582";2.00;98.12;99.40;119.02;0.00;124097
55258;1;2015;11;"BTAFVW0";5.00;106.14;109.23;130.45;0.00;558
53162;1;2015;11;"5W0005";1.00;1004.52;975.83;1121.94;0.00;558
48172;1;2015;11;"5C1565";2.00;98.24;101.35;120.99;0.00;118361
68231;1;2015;11;"1668989";1.00;136.53;148.99;176.29;0.00;122044
68231;1;2015;11;"1668989";1.00;136.53;148.99;176.29;0.00;122044
8934;1;2015;11;"270815";5.00;20.32;22.63;27.24;0.00;122044
52136;1;2015;11;"51842";1.00;458.93;466.51;558.29;0.00;16860
7216;1;2015;11;"53013";2.00;126.39;129.92;155.19;0.00;3212
66247;1;2015;11;"51032";2.00;87.23;89.64;107.08;0.00;3212
29398;1;2015;11;"FG7846";4.00;307.13;304.79;366.21;0.00;118361
47246;1;2015;11;"070415";1.00;360.57;348.99;421.10;0.00;118361
35838;1;2015;11;"4310915";6.00;8.50;7.69;9.62;0.00;118361
29193;1;2015;11;"226K";2.00;291.54;293.64;351.94;0.00;16866
44731;1;2015;11;"5BBKABJB01";3.00;714.18;717.04;820.92;0.00;16866
49569;1;2015;11;"14K01/31";2.00;654.05;687.35;782.48;0.00;16866
52515;1;2015;11;"930715";3.00;85.75;81.62;98.77;0.00;16860
49551;1;2015;11;"080715";3.00;196.30;193.93;233.19;0.00;16860
28509;1;2015;11;"720915";5.00;88.18;89.43;107.06;0.00;16860
2317;1;2015;11;"130815";3.00;37.25;42.81;51.00;0.00;118361
45860;1;2015;11;"2050715";10.00;24.48;23.25;28.80;0.00;118361
49298;1;2015;11;"140515";3.00;40.25;42.39;51.50;0.00;118361
46125;1;2015;11;"02150427";10.00;44.52;48.66;58.70;0.00;118361
37046;1;2015;11;"150315";2.00;75.56;64.80;79.50;0.00;118361
51477;1;2015;11;"147945";1.00;217.57;206.07;249.50;0.00;118361
66326;1;2015;11;"1504654";1.00;80.29;91.82;107.80;0.00;118361
34238;1;2015;11;"45180115";1.00;223.87;212.48;257.00;0.00;118361
67274;1;2015;11;"940415";3.00;62.07;59.31;71.70;0.00;5274
41794;1;2015;11;"010614";1.00;40.79;46.89;56.10;0.00;5274
51643;1;2015;11;"040715";10.00;65.34;33.76;46.80;0.00;5274
67612;1;2015;11;"10415";2.00;15.86;18.23;21.80;0.00;5274
56874;1;2015;11;"120715";2.00;552.10;507.71;588.00;0.00;558
47935;1;2015;11;"735796";2.00;314.14;321.30;384.00;0.00;558
65220;1;2015;11;"380715";10.00;12.96;14.87;17.80;0.00;558
58064;1;2015;11;"348490";1.00;237.84;248.77;296.30;0.00;558
17933;1;2015;11;"360615";5.00;65.85;63.12;76.00;0.00;558
66326;1;2015;11;"1412680";1.00;80.29;87.45;103.50;0.00;558
68789;1;2015;11;"510663";3.00;151.90;165.55;195.90;0.00;558
68789;1;2015;11;"513965";3.00;151.90;165.55;195.90;0.00;558
47592;1;2015;11;"503665";3.00;101.27;110.11;130.30;0.00;558
51612;1;2015;11;"K08827";2.00;122.97;131.30;155.80;0.00;558
49579;1;2015;11;"31072015";1.00;279.07;282.54;338.00;0.00;558
50912;1;2015;11;"1200615";1.00;353.90;347.39;443.50;0.00;558
52311;1;2015;11;"0740515";1.00;305.98;304.52;387.50;0.00;558
27656;1;2015;11;"230415";5.00;39.70;39.03;48.00;0.00;124097
55258;1;2015;11;"BTAFVW1";1.00;106.10;109.23;130.00;0.00;124097
4196;1;2015;11;"52019";2.00;96.17;97.98;117.00;0.00;124097
66690;1;2015;11;"51423";12.00;672.20;678.46;776.00;0.00;124097
51631;1;2015;11;"18VM0515";5.00;27.72;27.62;33.00;0.00;124097
31666;1;2015;11;"C500578";2.00;39.46;41.46;50.00;0.00;124097
66326;1;2015;11;"1412666";1.00;80.29;87.43;103.00;0.00;124097
39220;1;2015;11;"70415";2.00;63.93;63.77;76.00;0.00;124097
65300;1;2015;11;"EE7757";1.00;391.74;392.16;470.00;0.00;124097
66326;1;2015;11;"1412666";1.00;80.29;87.43;103.00;0.00;124097
51517;1;2015;11;"180815";5.00;33.08;36.37;43.00;0.00;118361
57633;1;2015;11;"230715";2.00;19.07;21.58;25.00;0.00;118361
13843;1;2015;11;"270515";10.00;12.99;13.76;16.00;0.00;118361
31208;1;2015;11;"190615";10.00;16.67;19.14;22.00;0.00;118361
6513;1;2015;11;"530915";10.00;32.43;37.29;44.00;0.00;122044
35978;1;2015;11;"4250815";1.00;44.70;49.44;59.00;0.00;122044
10528;1;2015;11;"070715";4.00;10.67;12.27;14.00;0.00;122044
10528;1;2015;11;"070715";1.00;10.65;12.25;14.00;0.00;122044
2987;1;2015;11;"350715";2.00;16.58;19.07;22.00;0.00;122044
57909;1;2015;11;"020315";10.00;4.65;5.35;6.00;0.00;122044
10266;1;2015;11;"010115";5.00;8.90;10.23;12.00;0.00;122044
10266;1;2015;11;"060615";5.00;9.00;10.35;12.00;0.00;122044
68867;1;2015;11;"427687";2.00;172.81;174.94;209.00;0.00;16866
341;1;2015;11;"T54581A";5.00;110.72;112.99;135.00;0.00;16866
64955;1;2015;11;"0350215";1.00;553.66;538.14;618.00;0.00;16866
48083;1;2015;11;"30315";1.00;181.92;173.83;210.00;0.00;16866
452;1;2015;11;"2315010";1.00;124.97;127.08;152.00;0.00;16866
49303;1;2015;11;"0067";1.00;342.85;349.63;418.00;0.00;16866
51258;1;2015;11;"16224415";1.00;194.16;195.92;234.00;0.00;16866
65134;1;2015;11;"320515";10.00;29.81;28.39;35.16;0.00;5274
53959;1;2015;11;"840915";5.00;18.22;20.95;25.00;0.00;122044
57909;1;2015;11;"020315";10.00;4.65;5.35;6.40;0.00;122044
10266;1;2015;11;"060615";6.00;9.00;10.35;12.30;0.00;122044
51631;1;2015;11;"18VM0515";5.00;27.72;27.62;33.90;0.00;124097
68553;1;2015;11;"060415";1.00;99.99;101.62;121.50;0.00;124097
66248;1;2015;11;"53042";2.00;74.01;76.80;91.60;0.00;124097
48184;1;2015;11;"5A1593";1.00;99.51;109.91;129.80;0.00;124097
66083;1;2015;11;"R22002";1.00;142.02;147.00;175.40;0.00;124097
51762;1;2015;11;"733635";1.00;304.60;316.17;377.00;0.00;124097
51631;1;2015;11;"18VM0515";5.00;27.72;27.62;33.90;0.00;124097
66786;1;2015;11;"C735590";2.00;223.96;241.87;286.50;0.00;124097
48725;1;2015;11;"58049";1.00;107.10;107.92;129.00;0.00;124097
66324;1;2015;11;"52116";5.00;58.26;59.88;71.50;0.00;124097
66325;1;2015;11;"53174";3.00;116.44;119.99;143.00;0.00;124097
48179;1;2015;11;"FG9619";1.00;116.89;118.34;141.70;0.00;124097
39220;1;2015;11;"70415";3.00;63.93;63.77;76.50;0.00;124097
34038;1;2015;11;"S500306";1.00;53.11;55.41;66.00;0.00;124097
51517;1;2015;11;"180815";10.00;33.08;36.37;43.80;0.00;118361
68457;1;2015;11;"114F";1.00;133.29;143.29;169.90;0.00;118361
34257;1;2015;11;"9020215";1.00;113.74;123.09;145.80;0.00;118361
51495;1;2015;11;"48670";2.00;281.38;281.07;337.00;0.00;118361
51812;1;2015;11;"636991";1.00;351.04;354.91;425.00;0.00;16866
66421;1;2015;11;"348268";1.00;241.35;250.32;298.50;0.00;16866
28722;1;2015;11;"T55444A";1.00;500.07;508.10;580.80;0.00;16866
66157;1;2015;11;"3280415";2.00;94.96;94.84;113.80;0.00;16866
341;1;2015;11;"T54581A";5.00;110.72;112.99;135.00;0.00;16866
68289;1;2015;11;"H1080R";3.00;82.87;81.58;98.00;0.00;16866
48517;1;2015;11;"H1378R";3.00;88.70;87.04;104.70;0.00;16866
8378;1;2015;11;"NB0229";1.00;96.50;92.98;112.00;0.00;16866
47921;1;2015;11;"931015";1.00;182.87;134.09;170.00;0.00;16860
31276;1;2015;11;"A35052";2.00;83.47;95.92;112.00;0.00;16860
9087;1;2015;11;"140315";1.00;154.44;138.05;168.00;0.00;16860
52581;1;2015;11;"504432A";6.00;426.64;417.23;502.00;0.00;16860
51632;1;2015;11;"04VL0515";5.00;23.47;24.97;30.00;0.00;16860
42233;1;2015;11;"430515";1.00;230.81;215.82;261.00;0.00;16860
49551;1;2015;11;"060715";1.00;196.30;193.93;233.00;0.00;16860
66153;1;2015;11;"195828";1.00;175.36;182.71;217.00;0.00;16860
52121;1;2015;11;"2540913";1.00;226.02;231.55;276.00;0.00;16860
52122;1;2015;11;"4561013";2.00;520.35;531.52;607.00;0.00;16860
66703;1;2015;11;"15F09QF";2.00;151.11;158.29;188.00;0.00;16860
35381;1;2015;11;"70715";10.00;17.43;20.02;23.00;0.00;16860
67777;1;2015;11;"B501546";3.00;87.26;88.55;106.00;0.00;16860
55365;1;2015;11;"180415";6.00;43.61;40.92;50.00;0.00;16860
49559;1;2015;11;"F7238";3.00;64.69;65.01;77.00;0.00;16860
48842;1;2015;11;"T57821A";3.00;65.13;65.89;78.00;0.00;16860
49550;1;2015;11;"230715";1.00;233.18;230.01;276.00;0.00;16860
66975;1;2015;11;"194890";2.00;134.39;141.02;167.00;0.00;16860
28000;1;2015;11;"5V025";1.00;252.73;255.09;305.00;0.00;16860
22763;1;2015;11;"S95706";1.00;111.25;105.60;127.00;0.00;16860
66894;1;2015;11;"464";3.00;160.12;156.97;188.00;0.00;16860
9359;1;2015;11;"1700615";4.00;253.00;79.87;130.00;0.00;5274
68775;1;2015;11;"200615";1.00;546.59;327.65;436.00;0.00;5274
51643;1;2015;11;"040715";10.00;65.34;33.76;46.00;0.00;5274
56650;1;2015;11;"150758141";5.00;21.65;24.88;29.00;0.00;5274
67915;1;2015;11;"2610715";25.00;9.52;6.40;8.00;0.00;5274
67998;1;2015;11;"161015";5.00;8.50;9.77;11.00;0.00;5274
65179;1;2015;11;"40615";3.00;13.50;15.51;18.00;0.00;5274
30224;1;2015;11;"S500158";2.00;66.19;63.77;77.00;0.00;5274
28308;1;2015;11;"740815";5.00;18.73;17.26;21.00;0.00;123798
46125;1;2015;11;"05150769";5.00;44.36;46.15;56.00;0.00;123798
67299;1;2015;11;"C21096";2.00;43.76;45.41;55.00;0.00;123798
52312;1;2015;11;"110315";2.00;152.02;100.69;131.00;0.00;123798
39583;1;2015;11;"170615";5.00;17.00;17.21;21.00;0.00;123798
51643;1;2015;11;"040715";5.00;65.34;33.76;46.80;0.00;5274
57909;1;2015;11;"010315";14.00;16.17;6.10;9.70;0.00;5274
67998;1;2015;11;"161015";5.00;8.50;9.77;11.70;0.00;5274
229;1;2015;11;"6256035";1.00;296.73;300.72;360.00;0.00;558
52311;1;2015;11;"0740515";1.00;305.98;304.52;365.70;0.00;558
49821;1;2015;11;"260715";10.00;24.48;24.81;30.30;0.00;123798
28308;1;2015;11;"740815";5.00;18.73;17.26;21.50;0.00;123798
47483;1;2015;11;"8670715";3.00;25.08;27.72;33.40;0.00;123798
31214;1;2015;11;"10615";2.00;31.23;28.82;35.90;0.00;123798
52312;1;2015;11;"110315";2.00;152.02;100.69;131.00;0.00;123798
32962;1;2015;11;"720915";4.00;29.89;32.12;38.90;0.00;123798
31643;1;2015;11;"030615";1.00;159.61;151.69;183.60;0.00;16860
49559;1;2015;11;"F7238";2.00;64.69;65.01;77.90;0.00;16860
24988;1;2015;11;"020215";1.00;89.98;71.61;89.60;0.00;16860
68381;1;2015;11;"009";1.00;226.33;207.90;253.00;0.00;16860
50897;1;2015;11;"F55006B";2.00;57.18;55.44;66.80;0.00;16860
66312;1;2015;11;"4V222";2.00;188.71;190.52;228.00;0.00;16860
52283;1;2015;11;"R21960";5.00;51.35;54.34;64.50;0.00;16860
51121;1;2015;11;"5183B";3.00;465.75;493.72;586.80;0.00;558
60290;1;2015;11;"EV5242";2.00;75.34;81.22;96.20;0.00;558
51814;1;2015;11;"NB6589";2.00;339.94;304.57;372.50;0.00;558
65204;1;2015;11;"50836TB22";1.00;1450.83;1470.87;1681.90;0.00;558
30616;1;2015;11;"CJ99A024";1.00;529.53;559.22;636.24;0.00;558
56874;1;2015;11;"120715";3.00;552.10;501.26;581.50;0.00;558
29398;1;2015;11;"FG7845";1.00;307.22;305.93;367.00;0.00;16866
9943;1;2015;11;"132121";1.00;218.20;215.05;258.50;0.00;16866
341;1;2015;11;"T54581A";10.00;110.72;112.99;135.00;0.00;16866
48517;1;2015;11;"H1378R";10.00;88.70;87.04;104.50;0.00;16866
51258;1;2015;11;"16224415";1.00;194.16;195.92;234.50;0.00;16866
66584;1;2015;11;"300715";2.00;39.46;37.65;46.50;0.00;16866
66975;1;2015;11;"195497";3.00;134.39;141.02;167.50;0.00;16860
47242;1;2015;11;"810515";1.00;193.99;187.44;226.00;0.00;16860
66310;1;2015;11;"4V316";2.00;165.28;184.03;217.00;0.00;16860
66703;1;2015;11;"15F09QF";2.00;151.11;158.29;188.50;0.00;16860
66063;1;2015;11;"1031272";1.00;1433.16;1431.30;1639.70;0.00;16866
68545;1;2015;11;"150515";2.00;110.00;96.39;118.30;0.00;16866
66311;1;2015;11;"5V044";2.00;43.74;45.03;54.90;0.00;16866
49569;1;2015;11;"14K01/31";1.00;654.05;687.35;782.40;0.00;16866
45047;1;2015;11;"R00710B";2.00;129.69;127.47;153.40;0.00;16866
66700;1;2015;11;"408141";1.00;389.47;385.69;463.50;0.00;16866
31276;1;2015;11;"A35052";3.00;83.47;95.92;112.50;0.00;16860
49477;1;2015;11;"040614";1.00;99.25;73.70;93.50;0.00;16860
52121;1;2015;11;"2540913";1.00;226.02;231.55;276.50;0.00;16860
35381;1;2015;11;"70715";10.00;17.43;20.02;23.50;0.00;16860
66894;1;2015;11;"464";2.00;160.12;157.08;189.00;0.00;16860
48297;1;2015;11;"CF-1507";50.00;16.93;19.12;22.50;0.00;122856
55387;1;2015;11;"550915";2.00;19.98;22.57;27.00;0.00;122856
55438;1;2015;11;"1590515";2.00;24.00;27.12;32.50;0.00;122856
55438;1;2015;11;"1590515";1.00;24.00;27.12;32.50;0.00;122856
56874;1;2015;11;"120715";2.00;552.10;501.26;581.50;0.00;558
64971;1;2015;11;"349545";1.00;550.55;579.00;659.08;0.00;558
67561;1;2015;11;"120915";2.00;13.93;15.73;18.80;0.00;122856
68608;1;2015;11;"050815";2.00;56.62;63.98;75.30;0.00;122856
52289;1;2015;11;"160415";1.00;71.65;80.96;95.20;0.00;122856
41087;1;2015;11;"03/0415";4.00;25.27;28.55;34.20;0.00;122856
53844;1;2015;11;"170415";2.00;26.26;29.67;35.60;0.00;122856
6769;1;2015;11;"3491015";10.00;27.09;30.61;36.70;0.00;122856
55319;1;2015;11;"140515";10.00;22.00;24.85;29.80;0.00;122856
24209;1;2015;11;"5070N0115";2.00;101.77;104.33;124.68;0.00;16866
52113;1;2015;11;"22293015";3.00;172.55;162.44;196.94;0.00;16866
49586;1;2015;11;"3260215";2.00;200.61;206.86;246.98;0.00;16866
49584;1;2015;11;"3320515";2.00;123.98;130.10;154.89;0.00;16866
66063;1;2015;11;"1031272";1.00;1433.16;1431.30;1639.75;0.00;16866
27846;1;2015;11;"5BBKAB4A01";3.00;164.33;167.05;199.91;0.00;16866
66421;1;2015;11;"348268";2.00;241.35;250.08;298.35;0.00;16866
52426;1;2015;11;"51555";2.00;230.58;232.78;278.89;0.00;16866
48983;1;2015;11;"2530515";2.00;235.64;232.64;279.76;0.00;16866
66456;1;2015;11;"MK014008";1.00;385.01;383.74;488.50;0.00;16866
53875;1;2015;11;"4910615";15.00;30.60;32.13;39.08;0.00;122856
30742;1;2015;11;"2700715";2.00;67.41;65.81;79.29;0.00;5274
42970;1;2015;11;"3001P0615";1.00;135.63;142.49;169.61;0.00;5274
6769;1;2015;11;"3491015";2.00;27.09;30.61;36.70;0.00;122856
54962;1;2015;11;"270815";2.00;27.92;31.55;37.80;0.00;122856
55387;1;2015;11;"550915";2.00;19.98;22.56;27.00;0.00;122856
67664;1;2015;11;"160557";1.00;251.91;250.93;301.31;0.00;16866
51812;1;2015;11;"636991";2.00;351.04;354.91;425.11;0.00;16866
68867;1;2015;11;"427687";2.00;172.81;176.33;210.89;0.00;16866
68608;1;2015;11;"050815";10.00;56.62;63.98;75.30;0.00;122856
14694;1;2015;11;"8031114";3.00;210.98;189.90;232.00;0.00;16866
37064;1;2015;11;"205A0315";3.00;103.28;101.51;122.00;0.00;16866
51258;1;2015;11;"16224415";1.00;194.16;195.92;234.00;0.00;16866
55258;1;2015;11;"BTAFVW1";2.00;106.10;109.23;130.00;0.00;558
68337;1;2015;11;"427414";1.00;223.95;215.06;259.00;0.00;558
51121;1;2015;11;"5183B";1.00;465.75;493.72;586.00;0.00;558
47592;1;2015;11;"503665";5.00;101.27;110.11;130.00;0.00;558
68608;1;2015;11;"050815";3.00;56.62;63.97;75.00;0.00;122856
34277;1;2015;11;"41560815";5.00;18.79;21.22;25.00;0.00;122856
54997;1;2015;11;"190815";3.00;26.75;30.22;36.00;0.00;122856
2898;1;2015;11;"026012";5.00;7.79;8.79;10.00;0.00;122856
51985;1;2015;11;"R19179";2.00;93.62;98.54;117.00;0.00;123798
51763;1;2015;11;"729465";1.00;121.00;127.00;151.00;0.00;123798
51467;1;2015;11;"9181501";1.00;103.68;103.87;124.00;0.00;123798
46125;1;2015;11;"05150769";5.00;44.36;46.89;56.00;0.00;123798
66975;1;2015;11;"195784";1.00;134.40;142.77;169.00;0.00;123798
52312;1;2015;11;"110315";2.00;152.02;100.69;131.00;0.00;123798
39583;1;2015;11;"170615";5.00;17.00;17.28;21.00;0.00;123798
32962;1;2015;11;"720915";3.00;29.89;32.31;39.00;0.00;123798
52322;1;2015;11;"170715";3.00;53.01;56.46;67.00;0.00;123798
47883;1;2015;11;"S2848";1.00;220.58;229.95;274.00;0.00;123798
55410;1;2015;11;"050815";3.00;14.58;16.67;19.00;0.00;123798
439;1;2015;11;"5V007";2.00;73.59;75.82;90.00;0.00;123798
46125;1;2015;11;"05150769";5.00;44.36;46.14;56.00;0.00;123798
27906;1;2015;11;"350615";2.00;29.59;29.48;36.00;0.00;123798
68883;1;2015;11;"1641014";5.00;57.78;59.50;71.00;0.00;123798
39583;1;2015;11;"170615";2.00;17.00;17.22;21.00;0.00;123798
39583;1;2015;11;"170615";3.00;17.00;17.22;21.00;0.00;123798
35838;1;2015;11;"4290915";5.00;8.35;7.59;9.00;0.00;123798
56874;1;2015;11;"120715";1.00;552.10;501.26;581.00;0.00;558
51762;1;2015;11;"737189";2.00;304.62;316.16;377.00;0.00;558
17933;1;2015;11;"360615";3.00;65.85;63.12;76.20;0.00;558
229;1;2015;11;"6256035";1.00;296.73;300.72;360.00;0.00;558
68275;1;2015;11;"280815";5.00;19.57;20.19;24.50;0.00;123798
49649;1;2015;11;"R2163";10.00;71.23;76.78;91.00;0.00;123798
51632;1;2015;11;"03VL0515";5.00;23.50;24.84;30.00;0.00;123798
28352;1;2015;11;"300715";5.00;9.42;10.48;12.50;0.00;123798
57938;1;2015;11;"430815";5.00;63.81;63.28;76.00;0.00;123798
45387;1;2015;11;"B505112";3.00;21.18;23.93;28.70;0.00;122856
32662;1;2015;11;"120815";5.00;8.92;10.08;12.00;0.00;122856
67944;1;2015;11;"050815";5.00;6.80;7.68;9.00;0.00;122856
51495;1;2015;11;"48658";2.00;284.63;280.70;337.62;0.00;123798
30742;1;2015;11;"2670615";2.00;67.41;65.86;79.34;0.00;123798
33742;1;2015;11;"1910815";1.00;694.74;693.79;794.84;0.00;123798
67336;1;2015;11;"6660915";2.00;549.71;612.90;692.85;0.00;123798
55524;1;2015;11;"1290915";5.00;22.30;25.14;30.20;0.00;123798
51519;1;2015;11;"250815";10.00;33.33;34.80;42.37;0.00;123798
28308;1;2015;11;"740815";5.00;18.73;17.27;21.50;0.00;123798
65267;1;2015;11;"660415";50.00;4.50;5.04;6.00;0.00;123798
49977;1;2015;11;"T500865";2.00;288.20;308.37;366.00;0.00;123798
43792;1;2015;11;"60715";2.00;17.14;18.71;22.60;0.00;123798
58031;1;2015;11;"01150939";1.00;51.81;53.78;64.14;0.00;123798
25770;1;2015;11;"740715";3.00;21.70;24.94;29.80;0.00;118361
45860;1;2015;11;"2050715";10.00;24.48;23.46;29.00;0.00;118361
32357;1;2015;11;"790915";10.00;23.61;22.39;27.70;0.00;118361
65179;1;2015;11;"30415";5.00;15.88;16.84;20.40;0.00;118361
52274;1;2015;11;"10115";2.00;13.84;15.31;18.40;0.00;118361
49048;1;2015;11;"1650915";20.00;4.95;5.67;6.70;0.00;118361
29398;1;2015;11;"FG7846";2.00;307.13;304.79;366.20;0.00;118361
23910;1;2015;11;"140915";2.00;12.10;13.64;16.30;0.00;118361
52490;1;2015;11;"A400947";1.00;158.90;164.18;195.90;0.00;118361
52512;1;2015;11;"J5017";2.00;42.14;42.55;52.10;0.00;118361
31276;1;2015;11;"A35052";3.00;83.47;95.92;112.61;0.00;16860
47867;1;2015;11;"T0083D";1.00;185.64;193.60;230.72;0.00;16860
68733;1;2015;11;"06150917";30.00;44.36;46.97;57.05;0.00;16860
66151;1;2015;11;"197696";2.00;259.94;269.17;340.00;0.00;16860
28000;1;2015;11;"5V025";2.00;252.73;255.09;305.63;0.00;16860
22763;1;2015;11;"S95706";3.00;111.25;105.60;135.50;0.00;16860
64956;1;2015;11;"0720515";1.00;406.30;397.21;508.00;0.00;16860
39147;1;2015;11;"0400215";1.00;680.58;712.03;835.50;0.00;16860
66894;1;2015;11;"464";3.00;160.12;156.97;188.99;0.00;16860
48184;1;2015;11;"5N1541";10.00;99.55;109.90;129.80;0.00;124097
51631;1;2015;11;"14VM0615";5.00;27.71;27.52;33.80;0.00;124097
66479;1;2015;11;"34026";1.00;185.04;129.80;166.80;0.00;124097
49991;1;2015;11;"61025";1.00;104.09;106.65;127.40;0.00;124097
68789;1;2015;11;"514861";1.00;151.90;165.53;195.90;0.00;124097
47592;1;2015;11;"519166";5.00;101.27;110.09;130.30;0.00;124097
331;1;2015;11;"186272";1.00;104.10;110.53;131.30;0.00;124097
48184;1;2015;11;"5N1541";5.00;99.55;109.91;129.80;0.00;124097
46057;1;2015;11;"1850515";2.00;86.71;82.48;99.80;0.00;124097
68094;1;2015;11;"9181703";1.00;48.76;49.12;60.20;0.00;124097
23849;1;2015;11;"4C059A";1.00;276.69;272.78;328.10;0.00;124097
51259;1;2015;11;"16312115";2.00;161.63;171.36;203.60;0.00;124097
26863;1;2015;11;"160215";5.00;14.84;15.93;19.00;0.00;118361
68688;1;2015;11;"4G043A";3.00;35.49;36.93;44.00;0.00;118361
48172;1;2015;11;"5E1573";5.00;98.24;99.72;119.00;0.00;124097
48184;1;2015;11;"5N1541";5.00;99.55;109.90;129.00;0.00;124097
51631;1;2015;11;"14VM0615";5.00;27.71;27.52;33.80;0.00;124097
35996;1;2015;11;"Y00218";1.00;135.16;142.54;169.50;0.00;124097
31666;1;2015;11;"C500578";2.00;39.46;41.46;50.40;0.00;124097
68553;1;2015;11;"060415";1.00;99.99;101.48;121.40;0.00;124097
174;1;2015;11;"080215";1.00;18.35;19.58;23.70;0.00;124097
43752;1;2015;11;"BR352";3.00;77.50;84.24;99.70;0.00;124097
31666;1;2015;11;"C500578";2.00;39.46;41.46;50.40;0.00;124097
66410;1;2015;11;"485";2.00;75.67;75.63;90.00;0.00;124097
51612;1;2015;11;"K08036";2.00;123.02;128.74;153.00;0.00;124097
57869;1;2015;11;"1554N0215";2.00;87.95;91.08;108.00;0.00;124097
51749;1;2015;11;"DD9W";2.00;118.15;123.36;155.50;0.00;123798
47990;1;2015;11;"349545";1.00;550.54;583.89;663.96;0.00;123798
46125;1;2015;11;"05150769";20.00;44.36;46.14;56.22;0.00;123798
48184;1;2015;11;"5N1541";1.00;99.55;109.90;129.00;0.00;124097
52515;1;2015;11;"710415";1.00;85.76;82.04;99.00;0.00;124097
55258;1;2015;11;"BTAFWA0";1.00;106.10;109.23;130.00;0.00;124097
9561;1;2015;11;"736230";1.00;112.88;118.06;140.00;0.00;124097
51631;1;2015;11;"14VM0615";10.00;27.71;27.52;33.00;0.00;124097
51897;1;2015;11;"155864";1.00;224.80;241.54;286.00;0.00;124097
31666;1;2015;11;"C500578";2.00;39.46;41.46;50.40;0.00;124097
52121;1;2015;11;"8920613";1.00;226.13;232.89;278.00;0.00;124097
43752;1;2015;11;"BR352";3.00;77.50;84.24;99.00;0.00;124097
51612;1;2015;11;"K08037";2.00;123.02;128.74;153.00;0.00;124097
26656;1;2015;11;"33-60915";5.00;111.57;114.65;136.96;0.00;118361
51069;1;2015;11;"1020815";28.00;25.45;25.54;31.32;0.00;118361
51350;1;2015;11;"05150721";5.00;86.79;92.54;109.89;0.00;118361
37064;1;2015;11;"267A0415";5.00;102.78;105.11;125.66;0.00;118361
29398;1;2015;11;"FG7846";1.00;307.13;304.79;366.00;0.00;118361
68700;1;2015;11;"071214";1.00;124.43;136.50;161.00;0.00;118361
49048;1;2015;11;"1650915";50.00;4.95;5.67;6.50;0.00;118361
12983;1;2015;11;"32070715";5.00;24.29;23.06;28.50;0.00;118361
45860;1;2015;11;"2050715";30.00;24.48;23.47;29.03;0.00;118361
49467;1;2015;11;"33020";1.00;293.65;230.60;289.32;0.00;118361
67777;1;2015;11;"B501190";10.00;87.29;87.20;104.65;0.00;118361
4196;1;2015;11;"52019";10.00;96.17;98.04;117.27;0.00;124097
313;1;2015;11;"Y00509";2.00;174.77;192.34;240.00;0.00;124097
20127;1;2015;11;"04062015";20.00;16.35;17.25;20.96;0.00;124097
68553;1;2015;11;"060415";3.00;99.99;101.48;121.47;0.00;124097
22638;1;2015;11;"C713606";2.00;192.26;202.16;240.50;0.00;124097
43752;1;2015;11;"BR352";2.00;77.50;84.24;99.50;0.00;124097
68160;1;2015;11;"560515";1.00;170.58;162.67;196.78;0.00;124097
24914;1;2015;11;"50715";2.00;65.70;75.55;88.60;0.00;122044
24914;1;2015;11;"50715";1.00;65.70;75.55;88.60;0.00;122044
49818;1;2015;11;"130615";2.00;25.67;25.41;31.00;0.00;122044
37040;1;2015;11;"30815";5.00;7.92;9.11;10.90;0.00;122044
55384;1;2015;11;"1470815";2.00;19.94;21.16;25.60;0.00;122044
68231;1;2015;11;"1668989";1.00;136.53;148.95;176.00;0.00;122044
66226;1;2015;11;"240115";5.00;17.84;19.79;23.80;0.00;122044
53959;1;2015;11;"850915";10.00;18.27;21.01;25.00;0.00;122044
68842;1;2015;11;"1220915";10.00;15.18;17.46;20.90;0.00;122044
53959;1;2015;11;"850915";5.00;18.27;21.01;25.00;0.00;122044
48098;1;2015;11;"986025";1.00;96.46;99.31;118.60;0.00;124097
66083;1;2015;11;"R22002";2.00;142.02;147.00;175.00;0.00;124097
8379;1;2015;11;"NA9945";2.00;52.91;54.25;66.27;0.00;122044
52306;1;2015;11;"330915";3.00;28.16;32.38;38.78;0.00;122044
66244;1;2015;11;"1190415";10.00;14.41;12.61;15.88;0.00;118361
43113;1;2015;11;"160914";3.00;361.61;330.62;402.94;0.00;118361
65573;1;2015;11;"30114";1.00;302.85;199.49;260.06;0.00;118361
39960;1;2015;11;"560515";4.00;163.77;164.75;197.50;0.00;118361
26863;1;2015;11;"160215";10.00;14.84;15.93;19.30;0.00;118361
54550;1;2015;11;"180615";10.00;11.40;11.55;14.14;0.00;118361
64970;1;2015;11;"020815";2.00;42.44;45.47;55.11;0.00;124097
66398;1;2015;11;"NB5736";1.00;305.48;286.11;347.20;0.00;124097
57607;1;2015;11;"1070415";5.00;21.01;18.55;23.32;0.00;118361
66082;1;2015;11;"R17653";2.00;95.58;102.66;121.00;0.00;118361
49559;1;2015;11;"F7443";3.00;66.17;67.54;80.70;0.00;118361
55258;1;2015;11;"BTAFJ41";1.00;106.08;114.70;135.90;0.00;118361
48172;1;2015;11;"5C1565";2.00;98.24;101.35;120.90;0.00;118361
2317;1;2015;11;"130815";5.00;37.25;42.81;51.20;0.00;118361
51517;1;2015;11;"180815";5.00;33.08;36.38;43.80;0.00;118361
339;1;2015;11;"B501229";3.00;145.51;144.21;173.30;0.00;118361
25469;1;2015;11;"75E";2.00;23.71;27.00;32.30;0.00;118361
41887;1;2015;11;"30A0515";2.00;120.99;125.01;149.20;0.00;118361
48098;1;2015;11;"986025";1.00;96.46;102.95;122.00;0.00;118361
24914;1;2015;11;"50715";1.00;65.70;75.55;88.60;0.00;122044
68231;1;2015;11;"1668989";1.00;136.53;148.95;176.20;0.00;122044
49727;1;2015;11;"70715";10.00;23.69;27.24;32.60;0.00;122044
50913;1;2015;11;"220515";1.00;222.59;221.98;266.49;0.00;16860
57612;1;2015;11;"C723798";3.00;154.42;154.66;185.54;0.00;16860
58065;1;2015;11;"220815";2.00;284.90;136.62;193.60;0.00;118361
45860;1;2015;11;"2050715";30.00;24.48;23.46;29.02;0.00;118361
9854;1;2015;11;"150315";5.00;21.10;21.47;26.26;0.00;118361
58254;1;2015;11;"440115";10.00;22.69;23.71;28.86;0.00;118361
10539;1;2015;11;"640915";10.00;29.14;32.00;38.62;0.00;118361
51645;1;2015;11;"110915";10.00;58.21;29.41;41.05;0.00;3212
22763;1;2015;11;"S95705";2.00;111.32;106.02;128.28;0.00;3212
31276;1;2015;11;"A35053";2.00;83.39;95.81;112.48;0.00;16860
13585;1;2015;11;"A516220";1.00;719.78;729.63;834.32;0.00;16860
31276;1;2015;11;"60515";2.00;164.79;104.21;135.00;0.00;118361
51763;1;2015;11;"729465";1.00;121.00;132.14;156.30;0.00;118361
51631;1;2015;11;"15VM0315";5.00;27.68;28.53;34.80;0.00;118361
51226;1;2015;11;"040515";1.00;215.60;247.90;291.00;0.00;118361
10455;1;2015;11;"350715";5.00;38.89;35.34;44.00;0.00;118361
129;1;2015;11;"600815";10.00;14.69;15.42;18.70;0.00;118361
22241;1;2015;11;"370415";10.00;14.06;13.48;16.60;0.00;118361
32357;1;2015;11;"790915";2.00;23.61;22.39;27.70;0.00;118361
31643;1;2015;11;"030515";1.00;159.57;155.21;187.00;0.00;16860
31276;1;2015;11;"A35053";1.00;83.39;95.81;112.40;0.00;16860
27042;1;2015;11;"NB9280";1.00;629.48;568.15;659.70;0.00;16860
49550;1;2015;11;"230715";1.00;233.18;232.54;279.00;0.00;16860
66153;1;2015;11;"195828";1.00;175.36;184.80;219.80;0.00;16860
66151;1;2015;11;"197696";2.00;259.94;271.26;323.00;0.00;16860
66636;1;2015;11;"X68P-A";1.00;914.98;925.10;1058.00;0.00;16860
66703;1;2015;11;"15G29EE";3.00;151.11;159.17;189.00;0.00;16860
66894;1;2015;11;"464";3.00;160.12;159.94;191.90;0.00;16860
380;1;2015;11;"5330N0315";1.00;91.06;96.61;114.50;0.00;5274
31276;1;2015;11;"A35053";2.00;83.39;95.81;112.00;0.00;16860
68609;1;2015;11;"110715";5.00;56.66;58.30;69.00;0.00;16860
42233;1;2015;11;"430515";1.00;230.81;218.02;264.00;0.00;16860
67521;1;2015;11;"V22503";1.00;91.64;95.92;114.00;0.00;16860
66703;1;2015;11;"15G29EE";2.00;151.11;159.17;189.00;0.00;16860
66894;1;2015;11;"464";2.00;160.12;159.94;191.00;0.00;16860
66703;1;2015;11;"15G29EE";2.00;151.11;159.17;189.00;0.00;16860
66244;1;2015;11;"1190415";5.00;14.41;12.61;15.00;0.00;118361
58051;1;2015;11;"017082015";25.00;3.47;3.96;4.00;0.00;118361
51517;1;2015;11;"180815";5.00;33.08;36.38;43.00;0.00;118361
45860;1;2015;11;"2050715";20.00;24.48;23.46;29.00;0.00;118361
22229;1;2015;11;"3120915";1.00;107.00;111.14;132.00;0.00;118361
68230;1;2015;11;"5V086";5.00;159.96;165.01;197.00;0.00;118361
47592;1;2015;11;"523961";5.00;101.27;111.00;131.00;0.00;118361
339;1;2015;11;"B501229";5.00;145.51;144.21;173.00;0.00;118361
22241;1;2015;11;"370415";5.00;14.06;13.48;16.00;0.00;118361
26863;1;2015;11;"160215";10.00;14.84;15.93;19.00;0.00;118361
68475;1;2015;11;"55118";2.00;358.42;361.44;433.00;0.00;118361
35838;1;2015;11;"4310915";3.00;8.50;7.58;9.00;0.00;118361
38055;1;2015;11;"290914";5.00;43.12;45.28;55.00;0.00;118361
10455;1;2015;11;"350715";5.00;38.89;35.34;44.00;0.00;118361
339;1;2015;11;"B501229";5.00;145.51;144.21;173.00;0.00;118361
25469;1;2015;11;"75E";5.00;23.71;27.00;32.00;0.00;118361
30817;1;2015;11;"1240815";5.00;21.24;22.06;26.00;0.00;118361
13830;1;2015;11;"210515";5.00;14.20;14.02;17.00;0.00;118361
66082;1;2015;11;"R00641";2.00;97.01;102.53;121.90;0.00;5274
57791;1;2015;11;"FD4942";1.00;733.50;715.79;822.40;0.00;5274
67574;1;2015;11;"010215";3.00;55.00;46.93;57.90;0.00;5274
67274;1;2015;11;"940415";2.00;62.07;59.31;71.70;0.00;5274
9359;1;2015;11;"1700615";3.00;253.00;79.87;130.40;0.00;5274
51643;1;2015;11;"040715";1.00;65.34;33.76;46.80;0.00;5274
47243;1;2015;11;"980615";1.00;317.00;311.88;375.20;0.00;5274
67612;1;2015;11;"20915";2.00;15.86;18.23;21.80;0.00;5274
67998;1;2015;11;"161015";10.00;8.50;9.77;11.70;0.00;5274
65179;1;2015;11;"40615";5.00;13.50;15.51;18.50;0.00;5274
47576;1;2015;11;"0540615";1.00;288.55;285.12;342.80;0.00;16860
52581;1;2015;11;"504445";1.00;426.61;419.76;505.00;0.00;16860
48992;1;2015;11;"132";1.00;47.06;49.94;60.60;0.00;16860
28714;1;2015;11;"1970915";1.00;91.86;96.03;114.40;0.00;16860
65158;1;2015;11;"4C130A";2.00;461.01;449.90;542.10;0.00;16860
52490;1;2015;11;"A500133";2.00;158.65;164.01;195.70;0.00;16860
52141;1;2015;11;"14LD1";3.00;217.22;223.08;266.50;0.00;16860
48472;1;2015;11;"FBL9500";1.00;596.88;515.90;602.70;0.00;16860
49594;1;2015;11;"ELL4I00";1.00;1142.99;989.89;1156.10;0.00;16860
49559;1;2015;11;"F7508";2.00;66.12;67.03;80.00;0.00;5274
66310;1;2015;11;"5V059";2.00;165.90;185.64;218.00;0.00;5274
49325;1;2015;11;"130615";2.00;155.23;163.18;194.20;0.00;5274
49972;1;2015;11;"030415";2.00;75.70;75.35;90.00;0.00;5274
68865;1;2015;11;"0030115";1.00;137.76;103.59;131.00;0.00;5274
50898;1;2015;11;"F54005C";2.00;53.67;56.99;67.00;0.00;5274
51643;1;2015;11;"040715";5.00;65.34;33.76;46.00;0.00;5274
66310;1;2015;11;"5V059";2.00;165.90;185.64;218.00;0.00;5274
65179;1;2015;11;"40615";3.00;13.50;15.51;18.00;0.00;5274
9121;1;2015;11;"B501750";5.00;128.96;133.20;158.00;0.00;5274
10491;1;2015;11;"060215";5.00;27.92;29.97;36.30;0.00;118361
52307;1;2015;11;"550715";2.00;35.75;34.71;42.80;0.00;118361
51226;1;2015;11;"040515";1.00;215.60;247.90;291.00;0.00;118361
48723;1;2015;11;"51028";1.00;214.08;213.99;256.80;0.00;118361
10266;1;2015;11;"060615";10.00;16.67;12.52;16.00;0.00;118361
7714;1;2015;11;"4790915";5.00;13.37;12.71;15.70;0.00;118361
7000;1;2015;11;"M500300";1.00;111.18;114.33;136.50;0.00;118361
49818;1;2015;11;"200715";5.00;23.44;24.99;30.31;0.00;5274
68775;1;2015;11;"180615";2.00;427.90;327.65;413.23;0.00;5274
43100;1;2015;11;"150628";10.00;14.74;16.95;20.30;0.00;5274
66310;1;2015;11;"5V059";2.00;165.90;185.64;218.82;0.00;5274
9087;1;2015;11;"250515";3.00;154.44;134.86;165.74;0.00;5274
67348;1;2015;11;"111014";10.00;24.64;28.33;33.93;0.00;5274
48128;1;2015;11;"K14493";1.00;448.11;487.96;577.58;0.00;5274
9121;1;2015;11;"B501750";10.00;128.96;133.20;158.99;0.00;5274
52251;1;2015;11;"6950815";30.00;25.82;27.69;33.55;0.00;5274
29398;1;2015;11;"FG7846";1.00;307.13;304.79;366.00;0.00;118361
58051;1;2015;11;"017082015";25.00;3.47;3.96;4.70;0.00;118361
52307;1;2015;11;"550715";3.00;35.75;34.71;42.80;0.00;118361
45860;1;2015;11;"2050715";20.00;24.48;23.46;29.00;0.00;118361
299;1;2015;11;"FE3210";1.00;161.55;160.10;192.40;0.00;118361
67779;1;2015;11;"A5127";1.00;111.33;95.40;117.50;0.00;118361
25974;1;2015;11;"080515";3.00;9.08;10.41;12.40;0.00;118361
68230;1;2015;11;"5V086";5.00;159.96;165.01;197.00;0.00;118361
25469;1;2015;11;"75E";3.00;23.71;27.00;32.30;0.00;118361
48704;1;2015;11;"141013";2.00;21.48;23.12;28.00;0.00;118361
26863;1;2015;11;"160215";5.00;14.84;15.93;19.00;0.00;118361
29378;1;2015;11;"1530815";2.00;148.94;146.51;176.00;0.00;118361
52512;1;2015;11;"J5017";3.00;42.14;42.55;52.00;0.00;118361
21851;1;2015;11;"11129680";15.00;39.19;43.02;51.90;0.00;558
52129;1;2015;11;"638159";1.00;425.00;429.24;514.20;0.00;558
17093;1;2015;11;"5A300";1.00;870.18;870.10;996.60;0.00;558
47743;1;2015;11;"430415";1.00;382.00;361.85;438.20;0.00;558
50956;1;2015;11;"T51201A";1.00;306.13;318.43;379.60;0.00;558
48858;1;2015;11;"15E007";1.00;1645.71;1546.75;1786.10;0.00;558
255;1;2015;11;"5A417";1.00;509.65;515.91;590.04;0.00;16866
67660;1;2015;11;"360915";3.00;30.98;30.87;37.90;0.00;5274
67612;1;2015;11;"20915";2.00;15.86;18.23;21.80;0.00;5274
66310;1;2015;11;"5V059";3.00;165.90;185.64;218.80;0.00;5274
67998;1;2015;11;"171015";5.00;8.50;9.77;11.70;0.00;5274
48128;1;2015;11;"K14493";1.00;448.11;487.96;577.00;0.00;5274
66082;1;2015;11;"R00641";2.00;97.01;102.53;121.90;0.00;5274
4390;1;2015;11;"50715";5.00;7.00;8.03;9.50;0.00;5274
30184;1;2015;11;"3052N0515";1.00;243.46;255.78;304.00;0.00;5274
47926;1;2015;11;"090214";3.00;45.62;48.26;58.60;0.00;5274
47883;1;2015;11;"S2858";2.00;221.38;232.58;276.80;0.00;5274
68775;1;2015;11;"200615";1.00;546.59;327.65;436.90;0.00;5274
43100;1;2015;11;"150628";5.00;14.74;16.95;20.00;0.00;5274
67612;1;2015;11;"20915";2.00;15.86;18.23;21.80;0.00;5274
66310;1;2015;11;"5V059";3.00;165.90;185.64;218.80;0.00;5274
58053;1;2015;11;"150415";3.00;25.44;28.89;34.50;0.00;5274
7000;1;2015;11;"M501231";1.00;111.19;109.53;131.70;0.00;5274
49236;1;2015;11;"BTAFHA0";1.00;182.82;189.53;226.00;0.00;16866
51350;1;2015;11;"05150732";4.00;86.79;90.66;108.00;0.00;16866
68690;1;2015;11;"BL313";2.00;174.83;163.54;198.50;0.00;16866
49272;1;2015;11;"2426";3.00;92.55;75.48;93.99;0.00;16866
66065;1;2015;11;"4493104";1.00;178.61;179.77;215.49;0.00;16866
68337;1;2015;11;"427319";2.00;223.95;218.30;263.00;0.00;3212
51645;1;2015;11;"110915";10.00;58.21;29.41;41.00;0.00;3212
49592;1;2015;11;"14 C 20823L";3.00;165.90;176.29;209.00;0.00;3212
49580;1;2015;11;"202042015";1.00;804.28;700.37;817.00;0.00;3212
67517;1;2015;11;"1457590";3.00;136.48;131.78;159.00;0.00;3212
22763;1;2015;11;"S95705";2.00;111.32;105.70;127.00;0.00;3212
50859;1;2015;11;"470615";3.00;191.84;180.69;219.00;0.00;16866
49559;1;2015;11;"F7316";2.00;64.74;66.13;79.00;0.00;16866
55262;1;2015;11;"050815";1.00;71.08;61.86;76.00;0.00;16866
51812;1;2015;11;"636991";2.00;351.04;354.91;425.00;0.00;16866
66421;1;2015;11;"348268";1.00;241.35;250.32;298.00;0.00;16866
14694;1;2015;11;"8031114";3.00;210.98;189.90;232.00;0.00;16866
51350;1;2015;11;"05150732";2.00;86.79;90.66;108.00;0.00;16866
65340;1;2015;11;"3100315";2.00;163.32;165.96;198.00;0.00;16866
48983;1;2015;11;"2530515";2.00;235.64;232.64;279.00;0.00;16866
47335;1;2015;11;"950615";2.00;76.41;80.54;95.00;0.00;16866
64955;1;2015;11;"0350215";1.00;553.66;538.13;618.00;0.00;16866
239;1;2015;11;"320045";1.00;418.76;413.13;496.00;0.00;16866
48517;1;2015;11;"H1378R";5.00;88.70;87.04;104.00;0.00;16866
52130;1;2015;11;"637666";1.00;217.86;220.91;264.00;0.00;16866
49236;1;2015;11;"BTAFHA0";2.00;182.82;189.53;226.00;0.00;16866
58064;1;2015;11;"348490";1.00;237.84;246.38;293.00;0.00;16866
67284;1;2015;11;"3210515";2.00;106.67;105.99;127.00;0.00;16866
68867;1;2015;11;"427687";2.00;172.81;176.70;211.00;0.00;16866
68337;1;2015;11;"427294";3.00;223.95;218.70;263.00;0.00;16866
51762;1;2015;11;"737189";1.00;304.62;316.16;377.00;0.00;558
27065;1;2015;11;"T54063A";1.00;669.97;663.72;761.00;0.00;558
50876;1;2015;11;"C439231F";2.00;436.87;423.89;511.26;0.00;558
51812;1;2015;11;"636991";2.00;351.04;354.91;425.11;0.00;16866
68167;1;2015;11;"50415";10.00;27.50;23.24;29.49;0.00;16866
58955;1;2015;11;"432610A";2.00;324.58;310.33;375.24;0.00;16866
67664;1;2015;11;"160557";1.00;251.91;250.93;301.31;0.00;16866
68858;1;2015;11;"49030515";2.00;399.99;356.97;436.90;0.00;3212
48184;1;2015;11;"5L1559";2.00;97.55;112.02;131.50;0.00;558
51749;1;2015;11;"H39C";2.00;118.15;135.69;159.00;0.00;558
66310;1;2015;11;"5V060";2.00;165.31;189.84;222.90;0.00;558
68475;1;2015;11;"55115";1.00;370.67;366.96;441.00;0.00;558
51612;1;2015;11;"K08035";2.00;122.93;129.48;154.00;0.00;558
51612;1;2015;11;"K08827";2.00;122.97;131.30;155.80;0.00;558
30224;1;2015;11;"S500123";2.00;66.14;70.48;83.70;0.00;558
13915;1;2015;11;"192001";1.00;94.41;103.85;122.70;0.00;558
56874;1;2015;11;"90715";2.00;552.10;501.26;581.50;0.00;558
49287;1;2015;11;"15C08/62";2.00;439.55;367.19;455.00;0.00;558
14694;1;2015;11;"8031114";10.00;210.98;191.59;233.70;0.00;16866
49384;1;2015;11;"2747";1.00;104.63;90.54;110.00;0.00;16866
48517;1;2015;11;"H1378R";3.00;88.70;87.04;104.70;0.00;16866
50859;1;2015;11;"470615";5.00;191.84;180.69;219.00;0.00;16866
58955;1;2015;11;"432610A";1.00;324.58;310.33;375.00;0.00;16866
49179;1;2015;11;"44640F";5.00;92.11;91.91;110.00;0.00;16866
48517;1;2015;11;"H1378R";3.00;88.70;87.04;104.50;0.00;16866
8378;1;2015;11;"NB0229";2.00;96.50;92.98;112.00;0.00;16866
66083;1;2015;11;"O28017";1.00;141.79;149.64;177.90;0.00;16866
55262;1;2015;11;"050815";1.00;71.08;61.86;76.00;0.00;16866
52290;1;2015;11;"60415";2.00;30.76;28.38;35.30;0.00;16866
27846;1;2015;11;"5BBKAB4A01";2.00;164.33;167.05;199.90;0.00;16866
51812;1;2015;11;"636991";1.00;351.04;354.91;425.00;0.00;16866
14694;1;2015;11;"8031114";5.00;210.98;189.90;232.00;0.00;16866
51350;1;2015;11;"05150732";2.00;86.79;90.66;108.00;0.00;16866
52426;1;2015;11;"51292";1.00;230.58;232.78;278.80;0.00;16866
7363;1;2015;11;"050915";5.00;46.95;39.82;50.40;0.00;16866
52283;1;2015;11;"R13336";5.00;51.38;54.88;65.00;0.00;16866
68289;1;2015;11;"H1080R";2.00;82.87;81.58;98.00;0.00;16866
66584;1;2015;11;"300715";2.00;39.46;37.56;46.50;0.00;16866
57918;1;2015;11;"1506144";5.00;23.44;24.17;29.40;0.00;16866
66510;1;2015;11;"CA5FJFA05";2.00;170.15;169.91;203.90;0.00;16866
49528;1;2015;11;"NB6585";2.00;77.13;74.17;89.50;0.00;16866
66244;1;2015;11;"1200415";5.00;15.65;12.61;16.00;0.00;118361
66421;1;2015;11;"349387";1.00;241.97;255.14;303.00;0.00;118361
339;1;2015;11;"B501229";3.00;145.51;144.21;173.00;0.00;118361
30817;1;2015;11;"1240815";5.00;21.24;22.06;26.00;0.00;118361
67378;1;2015;11;"B501582";5.00;197.68;193.00;232.00;0.00;118361
68836;1;2015;11;"700915";10.00;20.79;21.74;26.00;0.00;118361
10152;1;2015;11;"030315";2.00;30.29;30.51;37.30;0.00;118361
67779;1;2015;11;"A5127";1.00;111.33;95.40;117.60;0.00;118361
339;1;2015;11;"B501229";3.00;145.51;144.21;173.00;0.00;118361
51495;1;2015;11;"48670";2.00;281.38;281.21;337.00;0.00;118361
22430;1;2015;11;"FG6189";1.00;237.70;236.25;283.50;0.00;118361
57873;1;2015;11;"210815";10.00;38.45;24.04;32.70;0.00;3212
276;1;2015;11;"V22601";2.00;73.38;73.56;88.20;0.00;3212
51631;1;2015;11;"18VM0515";5.00;27.72;27.52;33.80;0.00;124097
62496;1;2015;11;"FL2417";1.00;303.93;300.51;361.20;0.00;124097
48184;1;2015;11;"5A1593";5.00;99.51;109.84;129.74;0.00;124097
48189;1;2015;11;"FP0454";20.00;20.24;22.81;27.41;0.00;124097
64970;1;2015;11;"020815";10.00;42.44;45.47;55.11;0.00;124097
51632;1;2015;11;"04VL0615";10.00;23.46;23.40;28.73;0.00;124097
67602;1;2015;11;"15344013";1.00;249.04;282.16;331.96;0.00;124097
48184;1;2015;11;"5A1593";2.00;99.51;109.84;129.00;0.00;124097
30742;1;2015;11;"2770715";2.00;67.41;65.45;78.00;0.00;124097
57633;1;2015;11;"220715";3.00;21.20;21.14;25.00;0.00;124097
313;1;2015;11;"Y00509";1.00;174.77;192.34;227.00;0.00;124097
48725;1;2015;11;"58049";1.00;107.10;109.10;130.00;0.00;124097
66479;1;2015;11;"34026";1.00;185.04;129.14;166.00;0.00;124097
66478;1;2015;11;"33009";2.00;237.28;166.12;213.00;0.00;124097
227;1;2015;11;"58036";1.00;135.27;136.55;163.00;0.00;124097
57869;1;2015;11;"1554N0215";1.00;87.95;90.53;108.00;0.00;124097
52311;1;2015;11;"0410315";2.00;305.98;309.27;370.00;0.00;124097
331;1;2015;11;"186272";1.00;104.10;110.53;131.00;0.00;124097
29315;1;2015;11;"841214";1.00;488.73;523.52;656.50;0.00;118361
55760;1;2015;11;"B500646";10.00;33.51;35.06;42.67;0.00;118361
48158;1;2015;11;"FG1630";20.00;40.69;43.27;52.51;0.00;118361
68883;1;2015;11;"0650315";30.00;57.78;60.98;72.53;0.00;118361
48179;1;2015;11;"FG9619";4.00;116.89;118.34;141.50;0.00;124097
51631;1;2015;11;"15VM0315";30.00;27.68;28.53;34.82;0.00;118361
55258;1;2015;11;"BTAFWA0";1.00;106.10;109.23;130.00;0.00;124097
68094;1;2015;11;"9181703";3.00;48.76;49.12;60.00;0.00;124097
46125;1;2015;11;"07151145";10.00;43.40;47.70;57.50;0.00;118361
339;1;2015;11;"B501229";5.00;145.51;144.21;173.00;0.00;118361
66616;1;2015;11;"IPRB5010";2.00;30.95;32.83;39.50;0.00;118361
13195;1;2015;11;"FE2459";1.00;345.51;344.40;413.50;0.00;118361
26863;1;2015;11;"160215";5.00;14.84;15.93;19.00;0.00;118361
55258;1;2015;11;"BTAFWA0";2.00;106.10;109.23;130.00;0.00;124097
313;1;2015;11;"Y00509";1.00;174.77;192.34;227.00;0.00;124097
66786;1;2015;11;"C735590";2.00;223.96;241.21;286.00;0.00;124097
68608;1;2015;11;"050815";5.00;56.62;65.11;76.00;0.00;122044
57665;1;2015;11;"050415";2.00;48.95;56.29;66.00;0.00;122044
10266;1;2015;11;"060615";5.00;9.00;10.35;12.00;0.00;122044
48184;1;2015;11;"5N1541";2.00;99.55;109.88;129.70;0.00;124097
44580;1;2015;11;"11150923";2.00;39.14;43.00;51.80;0.00;124097
4229;1;2015;11;"52010";2.00;147.71;153.76;183.00;0.00;124097
51436;1;2015;11;"833400415";1.00;39.01;42.83;51.50;0.00;124097
48184;1;2015;11;"5A1593";5.00;99.51;109.84;129.60;0.00;124097
60290;1;2015;11;"FB2705";2.00;75.34;81.20;96.00;0.00;124097
51631;1;2015;11;"18VM0515";5.00;27.72;27.52;33.80;0.00;124097
66324;1;2015;11;"52146";5.00;58.25;59.37;71.00;0.00;124097
52283;1;2015;11;"R31493";5.00;50.24;53.39;63.40;0.00;124097
11538;1;2015;11;"540715";1.00;34.82;34.14;42.00;0.00;124097
68609;1;2015;11;"110715";30.00;56.66;58.30;69.63;0.00;16860
49818;1;2015;11;"130615";5.00;25.67;25.40;31.00;0.00;122044
68608;1;2015;11;"050815";5.00;56.62;65.11;76.00;0.00;122044
49291;1;2015;11;"BTAF361";2.00;62.88;66.68;79.20;0.00;16866
48517;1;2015;11;"H2069R";1.00;88.70;87.04;104.70;0.00;16866
66593;1;2015;11;"48770415";1.00;873.72;781.01;908.00;0.00;3212
22763;1;2015;11;"S95705";2.00;111.32;106.02;128.00;0.00;3212
68465;1;2015;11;"NB8431";1.00;418.26;379.23;462.50;0.00;3212
53129;1;2015;11;"030715";10.00;5.36;5.90;7.00;0.00;122044
1577;1;2015;11;"340915";2.00;20.23;23.26;27.80;0.00;122044
48725;1;2015;11;"58049";2.00;107.10;109.10;130.51;0.00;124097
55435;1;2015;11;"360715";2.00;28.92;25.60;32.17;0.00;118361
25469;1;2015;11;"75E";5.00;23.71;27.00;32.38;0.00;118361
52176;1;2015;11;"7";1.00;574.47;578.49;662.05;0.00;16860
55365;1;2015;11;"180415";6.00;43.61;40.92;50.00;0.00;16860
52581;1;2015;11;"504445";1.00;426.61;415.25;500.00;0.00;16860
67521;1;2015;11;"V22503";1.00;91.64;96.58;114.00;0.00;16860
65201;1;2015;11;"5CD0005A";1.00;562.04;580.58;662.00;0.00;16860
66400;1;2015;11;"NB5732";1.00;234.04;220.77;267.50;0.00;16860
52311;1;2015;11;"0740615";1.00;305.97;308.55;369.70;0.00;16860
65205;1;2015;11;"48515TB24";2.00;1450.83;1463.73;1674.76;0.00;16866
53359;1;2015;11;"5CE78A";5.00;78.62;81.17;96.89;0.00;16866
14649;1;2015;11;"620715";3.00;383.68;363.34;440.00;0.00;558
52157;1;2015;11;"349450";1.00;420.73;424.09;508.00;0.00;558
52290;1;2015;11;"60415";2.00;30.76;28.38;35.00;0.00;16866
14694;1;2015;11;"8031114";5.00;210.98;189.77;231.00;0.00;16866
68867;1;2015;11;"427687";1.00;172.81;176.70;211.00;0.00;16866
47243;1;2015;11;"750515";1.00;317.00;311.29;374.00;0.00;16866
66312;1;2015;11;"5V120";2.00;188.73;187.52;225.00;0.00;16866
64955;1;2015;11;"0350215";1.00;553.66;537.87;618.00;0.00;16866
56874;1;2015;11;"90715";1.00;552.10;501.28;581.50;0.00;558
48184;1;2015;11;"5L1559";2.00;97.55;112.02;131.50;0.00;558
52157;1;2015;11;"349450";1.00;420.73;424.09;508.00;0.00;558
66083;1;2015;11;"O28017";1.00;141.79;147.04;175.30;0.00;16866
7191;1;2015;11;"3170515";2.00;160.62;161.46;193.50;0.00;16866
14694;1;2015;11;"8031114";5.00;210.98;189.77;231.90;0.00;16866
52426;1;2015;11;"51695";2.00;230.59;232.78;278.80;0.00;16866
68867;1;2015;11;"427687";1.00;172.81;176.70;211.00;0.00;16866
48983;1;2015;11;"2530515";2.00;235.64;232.64;279.70;0.00;16866
341;1;2015;11;"T54581A";5.00;110.72;111.37;133.50;0.00;16866
49179;1;2015;11;"44640F";5.00;92.11;91.75;110.00;0.00;16866
49528;1;2015;11;"NB6585";3.00;77.13;74.24;89.60;0.00;16866
66336;1;2015;11;"010515";1.00;239.69;234.52;282.45;0.00;16860
66975;1;2015;11;"194890";2.00;134.39;140.58;167.45;0.00;16860
68545;1;2015;11;"180615";2.00;110.00;95.92;117.92;0.00;16860
3927;1;2015;11;"20415";5.00;58.21;65.45;77.09;0.00;16860
66703;1;2015;11;"15G29EE";2.00;151.11;156.42;186.64;0.00;16860
2280;1;2015;11;"850715";1.00;1061.50;910.69;1065.09;0.00;16860
52311;1;2015;11;"0740615";3.00;305.97;305.80;366.99;0.00;16860
31276;1;2015;11;"A35053";4.00;83.39;95.81;112.48;0.00;16860
49559;1;2015;11;"F7443";5.00;66.17;67.54;80.70;0.00;118361
46125;1;2015;11;"07151145";5.00;43.40;47.70;57.50;0.00;118361
67779;1;2015;11;"A5127";2.00;111.33;95.40;117.00;0.00;118361
55760;1;2015;11;"B500646";5.00;33.51;35.06;42.60;0.00;118361
66975;1;2015;11;"194429";1.00;134.40;148.50;175.30;0.00;118361
68700;1;2015;11;"071214";1.00;124.43;136.51;161.30;0.00;118361
52140;1;2015;11;"14D31/76";1.00;233.92;265.37;312.00;0.00;118361
68883;1;2015;11;"0650315";10.00;57.78;60.98;72.50;0.00;118361
44799;1;2015;11;"17145051";1.00;188.91;195.74;233.50;0.00;118361
49179;1;2015;11;"51412";5.00;92.11;95.03;113.40;0.00;118361
9839;1;2015;11;"2688506";2.00;65.58;66.76;79.80;0.00;118361
1492;1;2015;11;"4860715";5.00;11.42;8.05;10.50;0.00;118361
55760;1;2015;11;"ï¿½500008";5.00;33.51;35.59;43.20;0.00;16866
345;1;2015;11;"833015";1.00;406.48;403.02;484.31;0.00;16866
66456;1;2015;11;"MK014008";2.00;385.01;377.47;454.47;0.00;16866
33742;1;2015;11;"1250515";3.00;694.74;694.74;795.79;0.00;16866
49971;1;2015;11;"080415";1.00;110.78;114.73;136.80;0.00;16860
49559;1;2015;11;"F7238";2.00;64.69;65.45;78.30;0.00;16860
31276;1;2015;11;"A35053";3.00;83.39;95.81;112.40;0.00;16860
67598;1;2015;11;"0190915";10.00;37.40;36.96;45.40;0.00;16860
48842;1;2015;11;"T57821A";5.00;65.13;65.34;78.30;0.00;16860
49551;1;2015;11;"080715";1.00;196.30;193.60;232.80;0.00;16860
66975;1;2015;11;"194890";2.00;134.39;140.58;167.40;0.00;16860
33701;1;2015;11;"320915";5.00;22.68;22.99;28.00;0.00;16860
68230;1;2015;11;"5V112";5.00;159.99;162.36;194.00;0.00;16860
50912;1;2015;11;"1210615";3.00;353.90;347.16;417.94;0.00;16860
13585;1;2015;11;"A516220";1.00;719.78;729.74;834.43;0.00;16860
26921;1;2015;11;"501963";3.00;119.37;129.58;153.45;0.00;16860
51638;1;2015;11;"090915";20.00;87.91;37.73;55.31;0.00;16860
52311;1;2015;11;"0740615";2.00;305.97;305.80;366.99;0.00;16860
49075;1;2015;11;"971075";1.00;1616.64;1631.08;1799.00;0.00;16860
66152;1;2015;11;"193468";1.00;262.53;271.37;323.80;0.00;16860
4390;1;2015;11;"50715";10.00;7.00;8.03;9.62;0.00;5274
42970;1;2015;11;"3001P0615";1.00;135.63;142.49;169.61;0.00;5274
24771;1;2015;11;"161-20615";2.00;74.83;77.04;92.00;0.00;5274
68552;1;2015;11;"240515";10.00;70.00;61.95;75.95;0.00;5274
19089;1;2015;11;"530515";3.00;42.90;40.92;50.67;0.00;5274
66912;1;2015;11;"081214";3.00;24.93;26.99;32.65;0.00;5274
51815;1;2015;11;"NB5501";1.00;477.77;435.11;530.66;0.00;5274
48718;1;2015;11;"9110801";1.00;277.56;252.59;308.10;0.00;5274
55365;1;2015;11;"430815";6.00;49.99;40.81;52.00;0.00;16860
49559;1;2015;11;"F7238";2.00;64.69;65.45;78.00;0.00;16860
48864;1;2015;11;"F54173A";2.00;71.51;70.62;84.00;0.00;16860
49587;1;2015;11;"3350515";1.00;273.46;293.59;348.00;0.00;16860
66975;1;2015;11;"194890";1.00;134.39;140.58;167.00;0.00;16860
68801;1;2015;11;"020115";5.00;71.11;65.45;79.00;0.00;16860
33701;1;2015;11;"320915";10.00;22.68;22.99;28.00;0.00;16860
67521;1;2015;11;"V22503";1.00;91.64;90.53;108.00;0.00;16860
52664;1;2015;11;"S95208";1.00;75.35;77.55;92.00;0.00;16860
68230;1;2015;11;"5V112";5.00;159.99;162.36;194.00;0.00;16860
68681;1;2015;11;"3054";2.00;87.78;88.99;106.00;0.00;16860
66894;1;2015;11;"464";2.00;160.12;156.53;188.00;0.00;16860
52311;1;2015;11;"0740615";1.00;305.97;305.80;366.00;0.00;16860
67598;1;2015;11;"0190915";10.00;37.40;36.96;45.40;0.00;16860
68609;1;2015;11;"110715";5.00;56.66;59.07;70.40;0.00;16860
48350;1;2015;11;"146237";1.00;175.83;165.55;200.70;0.00;16860
65201;1;2015;11;"5CD0005A";1.00;562.04;608.52;690.20;0.00;16860
48084;1;2015;11;"90415";1.00;420.64;393.47;477.50;0.00;16860
67660;1;2015;11;"360915";2.00;30.98;31.45;38.00;0.00;5274
48184;1;2015;11;"5N1541";2.00;99.51;107.82;127.00;0.00;5274
68309;1;2015;11;"010615";1.00;30.80;32.10;39.00;0.00;5274
67598;1;2015;11;"0190915";10.00;37.40;36.96;45.00;0.00;16860
48842;1;2015;11;"T57821A";3.00;65.13;65.34;78.00;0.00;16860
42233;1;2015;11;"440515";2.00;230.81;215.38;261.00;0.00;16860
68801;1;2015;11;"020115";5.00;71.11;65.45;79.00;0.00;16860
33517;1;2015;11;"201218";1.00;279.68;296.45;352.00;0.00;16860
66894;1;2015;11;"464";2.00;160.12;156.64;188.00;0.00;16860
49077;1;2015;11;"968861";2.00;324.26;321.09;385.94;0.00;16860
66507;1;2015;11;"248256F";2.00;174.48;175.23;210.12;0.00;16860
68381;1;2015;11;"003";2.00;226.33;207.46;252.72;0.00;16860
68267;1;2015;11;"110815";10.00;22.16;23.21;28.24;0.00;16860
36522;1;2015;11;"T53705C";1.00;100.92;105.82;126.00;0.00;16860
21634;1;2015;11;"T51589D";1.00;149.23;155.65;185.49;0.00;16860
277;1;2015;11;"A576507";1.00;355.41;359.81;430.89;0.00;16860
66153;1;2015;11;"195828";2.00;175.36;183.81;218.88;0.00;16860
49991;1;2015;11;"549065";1.00;104.01;105.93;126.73;0.00;16860
51638;1;2015;11;"090915";10.00;87.91;37.73;55.31;0.00;16860
44693;1;2015;11;"485026";1.00;483.31;484.88;616.50;0.00;16860
66699;1;2015;11;"408111";1.00;242.66;233.31;281.84;0.00;16860
66703;1;2015;11;"15G29EE";3.00;151.11;156.42;186.64;0.00;16860
49285;1;2015;11;"15E20/62";1.00;552.64;330.44;410.82;0.00;16860
68724;1;2015;11;"070415";2.00;85.55;85.25;102.36;0.00;16860
48986;1;2015;11;"020815";2.00;45.71;44.66;55.05;0.00;16860
52311;1;2015;11;"0740615";1.00;305.97;305.80;366.99;0.00;16860
67660;1;2015;11;"360915";2.00;30.98;30.87;37.00;0.00;5274
55261;1;2015;11;"060815";1.00;98.03;82.89;102.00;0.00;5274
51643;1;2015;11;"040715";5.00;65.34;33.76;46.00;0.00;5274
68883;1;2015;11;"1571014";5.00;57.78;60.30;71.00;0.00;5274
8396;1;2015;11;"M500347";1.00;184.78;174.69;211.00;0.00;5274
50748;1;2015;11;"020615";2.00;55.18;56.34;67.30;0.00;5274
49551;1;2015;11;"080715";2.00;196.30;196.35;235.60;0.00;16860
68801;1;2015;11;"020115";5.00;71.11;65.45;79.60;0.00;16860
57918;1;2015;11;"1506141";3.00;23.41;26.84;32.00;0.00;16860
13618;1;2015;11;"10115";1.00;152.32;150.48;180.90;0.00;124097
52326;1;2015;11;"432853A";1.00;230.10;238.08;284.00;0.00;124097
43706;1;2015;11;"C739830";1.00;338.60;353.22;420.80;0.00;124097
68614;1;2015;11;"020815";1.00;67.05;72.40;85.80;0.00;124097
66975;1;2015;11;"194427";3.00;134.40;142.76;169.60;0.00;124097
43752;1;2015;11;"BR352";5.00;77.50;84.24;99.70;0.00;124097
32264;1;2015;11;"90415";1.00;263.71;266.62;319.00;0.00;124097
37394;1;2015;11;"40615";5.00;26.60;27.76;33.80;0.00;124097
1972;1;2015;11;"310915";10.00;16.04;17.65;21.29;0.00;123798
31643;1;2015;11;"040515";3.00;159.65;161.10;193.03;0.00;123798
47883;1;2015;11;"S2844";1.00;220.58;231.76;275.00;0.00;123798
68421;1;2015;11;"180915";3.00;12.14;12.70;15.00;0.00;123798
49325;1;2015;11;"140615";1.00;155.23;162.46;193.00;0.00;123798
48696;1;2015;11;"P035";3.00;71.90;74.50;88.00;0.00;123798
31943;1;2015;11;"408565";3.00;115.15;123.85;146.87;0.00;123798
49256;1;2015;11;"T0032C";3.00;252.52;257.61;308.10;0.00;558
47883;1;2015;11;"S2850";5.00;220.58;225.51;269.60;0.00;558
41087;1;2015;11;"02/0115";5.00;26.32;25.98;31.90;0.00;558
66975;1;2015;11;"195497";2.00;134.40;139.62;166.40;0.00;558
66154;1;2015;11;"195643";1.00;430.83;441.79;527.90;0.00;558
66153;1;2015;11;"195248";1.00;175.36;181.96;217.00;0.00;558
66151;1;2015;11;"197114";1.00;259.91;267.67;319.60;0.00;558
49284;1;2015;11;"15D02/63";3.00;357.43;362.42;433.90;0.00;558
41087;1;2015;11;"05/0515";10.00;26.32;29.73;35.70;0.00;122856
32962;1;2015;11;"730915";3.00;29.89;32.59;39.00;0.00;123798
281;1;2015;11;"ES6R671";1.00;332.44;368.14;434.00;0.00;5274
43100;1;2015;11;"150628";3.00;14.74;16.95;20.00;0.00;5274
51643;1;2015;11;"040715";5.00;65.34;33.76;46.80;0.00;5274
28308;1;2015;11;"740815";5.00;18.73;16.67;20.90;0.00;123798
49727;1;2015;11;"70715";5.00;23.69;26.22;31.50;0.00;123798
28308;1;2015;11;"740815";5.00;18.73;16.70;20.90;0.00;123798
46125;1;2015;11;"06150886";5.00;43.40;46.90;56.70;0.00;123798
28352;1;2015;11;"300715";5.00;9.42;10.48;12.60;0.00;123798
32962;1;2015;11;"730915";2.00;29.89;32.31;39.00;0.00;123798
49727;1;2015;11;"70715";5.00;23.69;26.24;31.60;0.00;123798
35838;1;2015;11;"4330915";3.00;8.35;7.49;9.30;0.00;123798
43792;1;2015;11;"60715";10.00;17.14;18.68;22.57;0.00;123798
51467;1;2015;11;"9181501";2.00;103.68;103.87;124.60;0.00;123798
49325;1;2015;11;"140615";3.00;155.23;167.69;198.73;0.00;123798
35169;1;2015;11;"140515";10.00;45.57;38.06;48.41;0.00;123798
55387;1;2015;11;"550915";10.00;19.98;22.56;27.10;0.00;122856
57738;1;2015;11;"020715";2.00;14.63;16.52;19.84;0.00;122856
42233;1;2015;11;"740815";2.00;258.97;214.70;266.00;0.00;16866
14694;1;2015;11;"8031114";5.00;210.98;189.77;231.00;0.00;16866
51350;1;2015;11;"05150732";2.00;86.79;90.35;107.00;0.00;16866
45047;1;2015;11;"R00710B";2.00;129.69;127.47;153.00;0.00;16866
37064;1;2015;11;"205A0315";3.00;103.28;101.51;122.00;0.00;16866
56874;1;2015;11;"90715";1.00;552.10;501.28;581.50;0.00;558
51812;1;2015;11;"637030";1.00;351.16;356.28;426.00;0.00;558
52142;1;2015;11;"15AB3";1.00;420.52;424.82;508.00;0.00;558
49562;1;2015;11;"150002";1.00;337.36;326.10;393.00;0.00;558
66668;1;2015;11;"2350515";1.00;412.35;407.17;489.00;0.00;558
8837;1;2015;11;"290815";3.00;248.52;217.00;266.70;0.00;16866
67517;1;2015;11;"1468931";2.00;136.48;130.81;158.10;0.00;16866
68102;1;2015;11;"9182203";2.00;173.92;175.08;209.86;0.00;16866
48233;1;2015;11;"O13722";1.00;247.29;247.18;314.50;0.00;16866
58955;1;2015;11;"432610A";1.00;324.58;310.09;375.00;0.00;16866
7363;1;2015;11;"050915";20.00;46.95;39.82;50.49;0.00;16866
239;1;2015;11;"320045";1.00;418.76;413.13;496.88;0.00;16866
51258;1;2015;11;"16224415";1.00;194.16;195.92;234.75;0.00;16866
13269;1;2015;11;"2340515";1.00;951.13;929.11;1067.45;0.00;16866
41087;1;2015;11;"05/0515";3.00;26.32;29.73;35.00;0.00;122856
34277;1;2015;11;"3520915";5.00;18.79;21.22;25.00;0.00;122856
55387;1;2015;11;"550915";2.00;19.98;22.56;27.00;0.00;122856
51964;1;2015;11;"L78978";5.00;218.03;246.37;289.97;0.00;122856
54962;1;2015;11;"270815";10.00;27.92;31.54;37.88;0.00;122856
66690;1;2015;11;"53429";1.00;672.18;671.40;769.17;0.00;558
66325;1;2015;11;"53167";5.00;116.45;119.13;142.41;0.00;558
41087;1;2015;11;"02/0115";5.00;26.32;25.98;31.96;0.00;558
43752;1;2015;11;"BM237";5.00;77.50;84.26;99.75;0.00;558
52283;1;2015;11;"R09572";5.00;51.36;53.13;63.40;0.00;558
102;1;2015;11;"250615";1.00;161.04;154.75;186.95;0.00;558
66398;1;2015;11;"NB9812";1.00;305.46;282.68;343.77;0.00;558
67777;1;2015;11;"B501190";10.00;87.29;88.06;105.51;0.00;558
44731;1;2015;11;"5BBKABJB01";3.00;714.18;717.04;820.92;0.00;16866
28195;1;2015;11;"T4C110A";2.00;96.60;98.91;118.23;0.00;16866
67831;1;2015;11;"AES89A";2.00;108.19;109.82;131.45;0.00;16866
45387;1;2015;11;"B504730";3.00;21.22;23.97;28.70;0.00;122856
39163;1;2015;11;"100415";2.00;95.96;108.44;127.60;0.00;122856
55438;1;2015;11;"1780615";1.00;24.20;27.34;32.80;0.00;122856
55387;1;2015;11;"550915";2.00;19.98;22.56;27.00;0.00;122856
32662;1;2015;11;"130815";5.00;8.92;10.07;12.00;0.00;122856
6769;1;2015;11;"3491015";2.00;27.09;30.61;36.70;0.00;122856
68296;1;2015;11;"03082015";1.00;28.28;31.96;38.30;0.00;122856
25477;1;2015;11;"TP5051013";5.00;12.00;13.55;16.00;0.00;122856
34277;1;2015;11;"3520915";5.00;18.79;21.22;25.00;0.00;122856
56869;1;2015;11;"530815";2.00;20.32;22.96;27.00;0.00;122856
67561;1;2015;11;"120915";3.00;13.93;15.73;18.00;0.00;122856
39163;1;2015;11;"100415";2.00;95.96;108.44;127.00;0.00;122856
34277;1;2015;11;"3520915";5.00;18.79;21.22;25.00;0.00;122856
55438;1;2015;11;"1780615";2.00;24.20;27.35;32.00;0.00;122856
68608;1;2015;11;"050815";3.00;56.62;63.97;75.00;0.00;122856
33267;1;2015;11;"1000715";2.00;16.30;18.41;22.00;0.00;122856
41087;1;2015;11;"03/0415";5.00;25.27;28.55;34.00;0.00;122856
33267;1;2015;11;"1000715";3.00;16.30;18.41;22.00;0.00;122856
1972;1;2015;11;"310915";10.00;16.04;18.14;21.78;0.00;123798
31276;1;2015;11;"A35053";2.00;83.39;95.81;112.00;0.00;16860
19945;1;2015;11;"T56309B";1.00;144.33;144.65;173.50;0.00;16860
68801;1;2015;11;"020115";5.00;71.11;65.56;79.50;0.00;16860
38538;1;2015;11;"4911011";1.00;253.24;258.17;308.50;0.00;16860
51814;1;2015;11;"NB9554";2.00;339.57;304.57;372.00;0.00;558
44693;1;2015;11;"485025";1.00;483.32;487.04;583.50;0.00;558
49818;1;2015;11;"200715";10.00;23.44;22.76;28.00;0.00;123798
32877;1;2015;11;"40415";2.00;18.02;17.21;21.30;0.00;123798
27846;1;2015;11;"5BBKAB5A02";2.00;164.40;167.89;200.00;0.00;123798
38389;1;2015;11;"503013";1.00;77.08;86.22;101.00;0.00;123798
26921;1;2015;11;"503061";1.00;119.37;131.30;155.00;0.00;123798
32681;1;2015;11;"409577";1.00;190.82;202.72;240.00;0.00;123798
41079;1;2015;11;"409581";1.00;75.67;82.17;97.00;0.00;123798
43792;1;2015;11;"60715";2.00;17.14;18.68;22.50;0.00;123798
17933;1;2015;11;"570915";3.00;65.85;64.98;78.00;0.00;123798
49569;1;2015;11;"14L05/31";1.00;690.03;702.87;803.00;0.00;123798
57732;1;2015;11;"CJ8T";3.00;33.63;28.28;35.90;0.00;123798
39583;1;2015;11;"170615";10.00;17.00;17.28;21.00;0.00;123798
32962;1;2015;11;"770915";2.00;29.89;32.56;39.30;0.00;123798
67777;1;2015;11;"B501730";3.00;85.36;88.55;105.60;0.00;123798
51467;1;2015;11;"9181501";3.00;103.68;103.87;124.50;0.00;123798
68161;1;2015;11;"060615";5.00;44.44;41.46;51.50;0.00;123798
48004;1;2015;11;"NB4605";1.00;158.81;173.07;204.50;0.00;123798
49727;1;2015;11;"70715";5.00;23.69;26.22;31.50;0.00;123798
22763;1;2015;11;"S95709";5.00;111.31;105.34;127.60;0.00;123798
67779;1;2015;11;"A5127";5.00;111.33;95.40;117.60;0.00;118361
66616;1;2015;11;"IPRB5010";2.00;30.95;32.83;39.80;0.00;118361
68279;1;2015;11;"660915";1.00;63.64;72.10;84.80;0.00;118361
26863;1;2015;11;"160215";5.00;14.84;16.09;19.40;0.00;118361
68475;1;2015;11;"55118";1.00;358.42;359.12;430.80;0.00;118361
48723;1;2015;11;"58014";1.00;214.08;214.00;256.80;0.00;118361
67776;1;2015;11;"B401028";2.00;42.63;42.70;52.30;0.00;118361
68475;1;2015;11;"55118";1.00;358.42;361.28;432.90;0.00;118361
48974;1;2015;11;"080315";2.00;62.65;61.77;74.29;0.00;3212
68337;1;2015;11;"427319";4.00;223.95;218.96;263.74;0.00;3212
47483;1;2015;11;"730915";10.00;25.06;27.21;32.90;0.00;3212
271;1;2015;11;"339261";2.00;153.05;158.24;188.85;0.00;3212
28308;1;2015;11;"820815";10.00;17.75;17.39;21.42;0.00;3212
49579;1;2015;11;"26062015";2.00;279.07;287.49;343.30;0.00;3212
49580;1;2015;11;"202042015";1.00;804.28;704.12;821.00;0.00;3212
47483;1;2015;11;"730915";10.00;25.06;27.21;32.00;0.00;3212
51224;1;2015;11;"210715";5.00;18.17;19.08;23.00;0.00;118361
68775;1;2015;11;"180615";2.00;427.90;330.16;415.00;0.00;118361
43113;1;2015;11;"160914";3.00;361.61;333.80;406.00;0.00;118361
280;1;2015;11;"B501070";2.00;29.08;29.40;36.00;0.00;118361
68858;1;2015;11;"49030515";1.00;399.99;361.59;441.50;0.00;3212
47497;1;2015;11;"51002 (01.2018)";3.00;155.34;156.23;187.00;0.00;3212
49580;1;2015;11;"202042015";2.00;804.28;704.12;821.10;0.00;3212
29378;1;2015;11;"2040915";2.00;148.94;145.22;175.00;0.00;3212
68421;1;2015;11;"160815";3.00;12.14;13.63;16.00;0.00;118361
53959;1;2015;11;"860915";10.00;18.43;21.19;25.00;0.00;122044
58051;1;2015;11;"017082015";25.00;3.47;3.96;4.70;0.00;118361
57607;1;2015;11;"1070415";5.00;21.01;18.20;22.90;0.00;118361
68421;1;2015;11;"160815";3.00;12.14;13.63;16.30;0.00;118361
67944;1;2015;11;"010114";5.00;7.21;8.26;9.80;0.00;118361
52106;1;2015;11;"32110713";2.00;293.38;293.00;351.60;0.00;118361
47977;1;2015;11;"5A463";2.00;2776.85;2447.31;2850.00;0.00;118361
26863;1;2015;11;"500515";10.00;14.84;16.09;19.40;0.00;118361
57938;1;2015;11;"540915";10.00;63.81;65.65;78.40;0.00;118361
30817;1;2015;11;"1240815";5.00;21.24;22.06;26.70;0.00;118361
51963;1;2015;11;"230815";2.00;17.69;18.63;22.50;0.00;118361
52312;1;2015;11;"330315";2.00;108.99;100.80;122.50;0.00;118361
39583;1;2015;11;"170615";5.00;17.00;17.29;21.00;0.00;118361
48723;1;2015;11;"58014";1.00;214.08;214.00;256.70;0.00;118361
48517;1;2015;11;"H1750R";2.00;88.70;89.03;106.70;0.00;118361
30224;1;2015;11;"S500216";2.00;60.18;64.06;76.00;0.00;118361
3230;1;2015;11;"130814";3.00;24.89;27.99;33.60;0.00;122044
49580;1;2015;11;"357072015";1.00;804.28;766.92;883.90;0.00;122044
37040;1;2015;11;"30815";10.00;7.93;9.12;10.90;0.00;122044
68231;1;2015;11;"1668989";1.00;136.53;148.94;176.00;0.00;122044
66226;1;2015;11;"240115";5.00;17.84;19.79;23.80;0.00;122044
53959;1;2015;11;"860915";5.00;18.43;21.19;25.30;0.00;122044
10266;1;2015;11;"060615";5.00;9.00;10.35;12.30;0.00;122044
51631;1;2015;11;"18VM0515";5.00;27.72;27.52;33.00;0.00;124097
68094;1;2015;11;"9181703";1.00;48.76;49.12;60.00;0.00;124097
66082;1;2015;11;"R00642";1.00;95.58;100.62;119.70;0.00;124097
55258;1;2015;11;"BTAFWA0";2.00;106.10;109.00;130.00;0.00;124097
31666;1;2015;11;"C500578";3.00;39.46;42.30;51.00;0.00;124097
49551;1;2015;11;"110715";2.00;196.31;199.30;238.50;0.00;124097
2443;1;2015;11;"400915";5.00;13.37;13.30;16.30;0.00;124097
46125;1;2015;11;"06150892";5.00;43.40;46.18;56.00;0.00;124097
66153;1;2015;11;"191599";1.00;175.36;184.56;219.60;0.00;124097
35339;1;2015;11;"C723N0315";1.00;54.10;55.46;66.00;0.00;124097
68140;1;2015;11;"52016";2.00;102.23;103.30;123.70;0.00;124097
47497;1;2015;11;"34033";2.00;155.35;157.59;188.60;0.00;124097
8057;1;2015;11;"30315";1.00;20.44;21.00;25.60;0.00;124097
66326;1;2015;11;"1412666";2.00;80.29;87.43;103.40;0.00;124097
52283;1;2015;11;"R31493";5.00;50.24;53.12;63.00;0.00;124097
22430;1;2015;11;"FF8051";1.00;238.05;238.76;286.00;0.00;124097
66894;1;2015;11;"635";1.00;163.85;160.14;192.90;0.00;124097
11538;1;2015;11;"540715";2.00;34.82;34.14;42.00;0.00;124097
48184;1;2015;11;"5N1556";2.00;99.51;110.90;130.00;0.00;124097
55258;1;2015;11;"BTAFWA0";1.00;106.10;109.00;130.00;0.00;124097
31276;1;2015;11;"A35053";2.00;83.39;94.25;110.00;0.00;124097
51631;1;2015;11;"18VM0515";4.00;27.72;27.62;33.00;0.00;124097
68690;1;2015;11;"BL313";1.00;174.83;163.66;198.00;0.00;124097
68789;1;2015;11;"515963";3.00;151.90;165.53;195.00;0.00;124097
68789;1;2015;11;"521069";3.00;151.90;165.53;195.00;0.00;124097
33517;1;2015;11;"199981";2.00;274.32;296.65;351.00;0.00;124097
22430;1;2015;11;"FF8051";2.00;238.05;238.76;286.00;0.00;124097
51259;1;2015;11;"16312015";1.00;161.56;171.36;203.50;0.00;124097
68599;1;2015;11;"30415";2.00;348.15;97.01;166.64;0.00;118361
68144;1;2015;11;"050915";10.00;18.26;19.32;23.47;0.00;118361
68614;1;2015;11;"331015";2.00;60.72;60.60;72.74;0.00;118361
68754;1;2015;11;"30415";1.00;125.18;86.00;111.03;0.00;118361
66626;1;2015;11;"510515";10.00;46.33;52.40;62.93;0.00;118361
22241;1;2015;11;"370415";10.00;14.06;13.80;16.99;0.00;118361
12970;1;2015;11;"030115";10.00;44.09;14.90;24.92;0.00;118361
11537;1;2015;11;"251213";1.00;27.49;28.14;34.38;0.00;118361
11538;1;2015;11;"470715";2.00;32.01;35.04;42.31;0.00;118361
34277;1;2015;11;"41700815";5.00;18.79;21.50;25.77;0.00;118361
39583;1;2015;11;"170615";100.00;17.00;17.29;21.15;0.00;118361
68475;1;2015;11;"55118";5.00;358.42;359.12;430.80;0.00;118361
57646;1;2015;11;"D-165";1.00;13.54;15.57;18.60;0.00;122044
67407;1;2015;11;"R13317";1.00;147.79;169.40;198.95;0.00;122044
129;1;2015;11;"570815";4.00;14.98;16.13;19.53;0.00;122044
51631;1;2015;11;"18VM0515";2.00;27.72;27.62;33.90;0.00;124097
35339;1;2015;11;"C723N0315";1.00;54.10;55.46;66.27;0.00;124097
55356;1;2015;11;"EV6578";1.00;1002.68;1003.62;1149.40;0.00;124097
47001;1;2015;11;"15312412";10.00;19.18;22.06;26.40;0.00;124097
67602;1;2015;11;"15344013";1.00;249.04;282.16;331.90;0.00;124097
68094;1;2015;11;"9181703";1.00;48.76;49.12;60.20;0.00;124097
31276;1;2015;11;"A35053";2.00;83.39;94.25;110.90;0.00;124097
51632;1;2015;11;"03VL0415";5.00;23.49;25.54;30.80;0.00;122044
31666;1;2015;11;"C500578";3.00;39.46;45.37;54.00;0.00;122044
10455;1;2015;11;"410715";5.00;32.69;37.17;44.60;0.00;122044
52343;1;2015;11;"020415";2.00;10.30;11.84;14.00;0.00;122044
25477;1;2015;11;"521";3.00;15.58;17.91;21.40;0.00;122044
48505;1;2015;11;"690615";10.00;12.88;14.81;17.70;0.00;122044
10266;1;2015;11;"060615";3.00;9.00;10.35;12.30;0.00;122044
313;1;2015;11;"Y00504";3.00;174.77;192.34;227.29;0.00;124097
68094;1;2015;11;"9181703";2.00;48.76;49.21;60.29;0.00;124097
46125;1;2015;11;"06150892";10.00;43.40;46.18;56.04;0.00;124097
52313;1;2015;11;"A501123";2.00;291.71;294.87;353.21;0.00;124097
68775;1;2015;11;"180615";1.00;427.90;330.16;415.74;0.00;118361
67408;1;2015;11;"90615";5.00;57.22;50.35;61.79;0.00;118361
26863;1;2015;11;"160215";5.00;14.84;16.09;19.46;0.00;118361
11788;1;2015;11;"C27N0115";1.00;74.56;76.25;91.16;0.00;124097
68789;1;2015;11;"514861";5.00;151.90;165.53;195.90;0.00;124097
47592;1;2015;11;"519166";5.00;101.27;110.09;130.34;0.00;124097
67792;1;2015;11;"58005";1.00;336.05;338.77;405.98;0.00;124097
51612;1;2015;11;"K06979";3.00;122.93;131.27;155.85;0.00;124097
51259;1;2015;11;"16312015";1.00;161.56;171.36;203.67;0.00;124097
47935;1;2015;11;"735796";1.00;314.14;344.64;407.40;0.00;118361
48172;1;2015;11;"5C1565";2.00;98.24;101.89;121.50;0.00;118361
49298;1;2015;11;"140515";3.00;40.25;42.39;51.50;0.00;118361
57612;1;2015;11;"C719315";2.00;154.43;157.12;188.00;0.00;118361
4137;1;2015;11;"1040715";5.00;39.52;35.88;44.80;0.00;118361
49993;1;2015;11;"553065";1.00;82.96;88.29;104.80;0.00;118361
55384;1;2015;11;"1440815";10.00;19.94;20.90;25.40;0.00;118361
57732;1;2015;11;"CJ8T";5.00;33.63;28.76;36.00;0.00;118361
26863;1;2015;11;"500515";10.00;14.84;16.09;19.40;0.00;118361
67777;1;2015;11;"B501267";2.00;87.36;89.08;106.50;0.00;118361
35838;1;2015;11;"4310915";6.00;8.50;7.69;9.60;0.00;118361
67598;1;2015;11;"0210915";10.00;37.40;38.83;47.00;0.00;16860
68381;1;2015;11;"034/0215";3.00;226.33;210.65;255.90;0.00;16860
67521;1;2015;11;"V22503";1.00;91.64;96.25;114.50;0.00;16860
49178;1;2015;11;"44912";5.00;104.86;103.73;124.70;0.00;16860
68411;1;2015;11;"110915";4.00;43.49;46.75;56.50;0.00;16860
65220;1;2015;11;"250515";20.00;11.55;13.20;15.80;0.00;16860
52581;1;2015;11;"504445";1.00;426.61;419.43;504.70;0.00;16860
67521;1;2015;11;"V22503";1.00;91.64;96.25;114.50;0.00;16860
58086;1;2015;11;"030415";5.00;16.77;18.15;21.90;0.00;16860
48184;1;2015;11;"5N1541";5.00;99.51;107.82;127.72;0.00;5274
49821;1;2015;11;"350815";5.00;34.61;27.98;35.80;0.00;5274
67274;1;2015;11;"950415";3.00;62.07;59.31;71.70;0.00;5274
50948;1;2015;11;"T49054B";1.00;70.38;77.05;91.00;0.00;5274
68309;1;2015;11;"010615";1.00;30.80;32.10;39.00;0.00;5274
68161;1;2015;11;"070715";5.00;63.80;38.71;51.40;0.00;5274
68883;1;2015;11;"1571014";5.00;57.78;60.30;71.80;0.00;5274
67915;1;2015;11;"2610715";25.00;9.52;5.84;8.00;0.00;5274
55054;1;2015;11;"130914";1.00;37.60;40.82;49.30;0.00;5274
65134;1;2015;11;"320515";2.00;29.81;28.92;35.60;0.00;5274
49580;1;2015;11;"421102014";1.00;804.28;709.32;826.00;0.00;123798
68883;1;2015;11;"1720715";5.00;57.78;59.96;71.50;0.00;123798
26863;1;2015;11;"790815";10.00;16.65;16.43;20.00;0.00;123798
21340;1;2015;11;"496";1.00;220.92;223.13;267.00;0.00;123798
49298;1;2015;11;"880215";3.00;40.25;40.48;49.50;0.00;558
47497;1;2015;11;"52003";2.00;152.00;155.91;186.00;0.00;16866
47576;1;2015;11;"0890615";2.00;288.55;286.95;344.50;0.00;123798
339;1;2015;11;"B501417";30.00;145.50;147.29;176.00;0.00;123798
13195;1;2015;11;"FF8204";1.00;345.68;344.40;413.50;0.00;16866
49236;1;2015;11;"BTAFHA0";1.00;182.82;189.53;226.00;0.00;16866
52426;1;2015;11;"51695";1.00;230.59;232.78;278.50;0.00;16866
48517;1;2015;11;"H2069R";10.00;88.70;87.04;104.50;0.00;16866
66861;1;2015;11;"PB4465";2.00;591.98;527.63;613.50;0.00;16866
49559;1;2015;11;"F7317";2.00;64.67;66.35;79.20;0.00;16866
23055;1;2015;11;"5KTLD49001";2.00;747.34;719.89;828.50;0.00;16866
11713;1;2015;11;"358N1114";1.00;120.88;122.58;146.70;0.00;16866
68690;1;2015;11;"BL313";1.00;174.83;163.54;198.50;0.00;16866
65191;1;2015;11;"K007";2.00;116.91;118.20;141.50;0.00;16866
56794;1;2015;11;"9630";5.00;146.69;125.23;154.50;0.00;16866
47921;1;2015;11;"490515";1.00;171.25;134.04;168.20;0.00;16866
4196;1;2015;11;"52018";2.00;96.17;99.64;118.80;0.00;16866
13290;1;2015;11;"5A164";1.00;1010.91;1004.36;1151.40;0.00;16866
58031;1;2015;11;"01150938";2.00;51.81;54.70;65.06;0.00;16866
341;1;2015;11;"T54581A";5.00;110.72;111.33;133.40;0.00;16866
48517;1;2015;11;"H2069R";1.00;88.70;87.04;104.70;0.00;16866
48098;1;2015;11;"987025";1.00;96.46;97.61;116.90;0.00;16866
68489;1;2015;11;"131225";2.00;47.64;54.19;63.00;0.00;5274
48184;1;2015;11;"5N1541";1.00;99.51;108.87;128.00;0.00;5274
19945;1;2015;11;"T56763A";1.00;141.08;149.64;177.50;0.00;5274
68775;1;2015;11;"260615";1.00;546.59;333.69;443.00;0.00;5274
56650;1;2015;11;"152458141";8.00;21.19;24.35;29.00;0.00;5274
67998;1;2015;11;"171015";8.00;8.50;9.77;11.50;0.00;5274
11089;1;2015;11;"B501293";3.00;252.37;229.25;279.50;0.00;5274
9121;1;2015;11;"B501750";3.00;128.96;133.20;158.50;0.00;5274
68566;1;2015;11;"52108";1.00;219.84;220.53;264.00;0.00;123798
13830;1;2015;11;"180515";10.00;14.20;13.01;16.00;0.00;123798
68090;1;2015;11;"14002";1.00;462.65;468.03;560.50;0.00;558
51495;1;2015;11;"58031";1.00;281.41;281.35;337.60;0.00;558
49818;1;2015;11;"200715";10.00;23.44;22.76;28.00;0.00;123798
51749;1;2015;11;"H39C";2.00;118.09;124.19;147.80;0.00;123798
57732;1;2015;11;"CJ8T";2.00;33.63;28.27;35.90;0.00;123798
68566;1;2015;11;"52108";2.00;219.84;220.53;264.40;0.00;123798
51612;1;2015;11;"K11129";1.00;122.90;129.42;154.00;0.00;123798
39960;1;2015;11;"570515";5.00;163.77;161.01;193.76;0.00;123798
42958;1;2015;11;"330615";5.00;20.71;21.65;26.30;0.00;123798
439;1;2015;11;"5V007";2.00;73.69;74.90;89.60;0.00;123798
58051;1;2015;11;"017082015";25.00;3.47;3.96;4.70;0.00;118361
47926;1;2015;11;"090214";3.00;45.62;47.63;57.90;0.00;118361
45860;1;2015;11;"2050715";10.00;24.48;23.41;28.90;0.00;118361
50933;1;2015;11;"2271015";10.00;11.80;13.50;16.00;0.00;118361
53875;1;2015;11;"6540815";15.00;30.60;30.90;37.80;0.00;118361
48704;1;2015;11;"141013";5.00;21.48;23.12;28.00;0.00;118361
9839;1;2015;11;"2688506";1.00;65.58;67.24;80.00;0.00;118361
51383;1;2015;11;"2420515";2.00;261.01;258.15;310.00;0.00;16866
23825;1;2015;11;"0040115";3.00;75.20;80.47;95.50;0.00;16866
66157;1;2015;11;"3280415";2.00;94.96;94.84;113.50;0.00;16866
49528;1;2015;11;"NB6585";10.00;77.13;74.28;89.50;0.00;16866
53359;1;2015;11;"5CE78A";5.00;78.62;80.71;96.00;0.00;16866
49968;1;2015;11;"I401593";2.00;327.76;311.71;377.00;0.00;16866
66065;1;2015;11;"4493104";1.00;178.61;178.16;213.50;0.00;16866
66132;1;2015;11;"4380414";1.00;340.69;337.17;405.00;0.00;16866
47926;1;2015;11;"090214";2.00;45.62;47.63;57.50;0.00;118361
66337;1;2015;11;"5648801";1.00;341.46;323.50;391.50;0.00;118361
51224;1;2015;11;"210715";5.00;18.17;19.08;23.00;0.00;118361
60563;1;2015;11;"149976";1.00;69.26;69.32;83.00;0.00;118361
68700;1;2015;11;"071214";1.00;232.47;136.50;182.50;0.00;118361
27758;1;2015;11;"150515";5.00;27.50;27.74;33.50;0.00;118361
54550;1;2015;11;"150515";20.00;11.40;12.87;15.00;0.00;122856
68858;1;2015;11;"49080515";1.00;399.99;369.02;449.00;0.00;558
39147;1;2015;11;"0880415";1.00;680.58;718.50;817.00;0.00;558
439;1;2015;11;"5V005";2.00;73.63;75.62;90.00;0.00;16866
67517;1;2015;11;"1468931";2.00;136.48;130.81;158.00;0.00;16866
57717;1;2015;11;"M73052";3.00;162.62;119.24;151.70;0.00;16866
45047;1;2015;11;"R00710B";5.00;129.69;127.47;153.00;0.00;16866
341;1;2015;11;"T54581A";5.00;110.72;111.33;133.40;0.00;16866
37064;1;2015;11;"205A0315";3.00;103.28;101.51;122.00;0.00;16866
66703;1;2015;11;"15F09QF";1.00;151.12;160.02;190.00;0.00;16866
51258;1;2015;11;"16224415";2.00;194.16;194.85;233.60;0.00;16866
49528;1;2015;11;"NB6585";2.00;77.13;74.28;89.70;0.00;16866
51814;1;2015;11;"NB9554";3.00;339.57;304.57;372.00;0.00;558
47400;1;2015;11;"57203801";1.00;403.63;407.57;488.00;0.00;558
28714;1;2015;11;"1940915";2.00;91.86;89.49;107.50;0.00;558
55760;1;2015;11;"B500264";10.00;33.51;34.62;42.00;0.00;558
66975;1;2015;11;"195497";2.00;134.40;139.62;166.00;0.00;558
68883;1;2015;11;"0430215";5.00;57.78;59.40;70.50;0.00;558
67521;1;2015;11;"V22503";1.00;91.64;88.73;107.00;0.00;558
14574;1;2015;11;"5288N0315";1.00;116.02;113.08;136.00;0.00;558
48008;1;2015;11;"TC4754";2.00;129.70;117.69;143.50;0.00;558
65267;1;2015;11;"520315";10.00;5.06;5.71;6.50;0.00;122856
54997;1;2015;11;"190815";3.00;26.75;30.22;36.00;0.00;122856
68465;1;2015;11;"NB8431";1.00;418.26;382.42;466.00;0.00;558
51814;1;2015;11;"NB9554";2.00;339.57;304.57;372.00;0.00;558
21523;1;2015;11;"30914";1.00;208.26;220.85;262.50;0.00;558
66287;1;2015;11;"14J32/76";1.00;256.34;279.68;330.50;0.00;558
19945;1;2015;11;"T56314A";1.00;141.19;149.90;178.00;0.00;118361
55760;1;2015;11;"B500646";5.00;33.51;35.04;42.50;0.00;118361
52121;1;2015;11;"2770913";1.00;230.80;219.00;265.00;0.00;118361
60;1;2015;11;"170515";1.00;79.68;82.41;98.00;0.00;118361
68413;1;2015;11;"P035";2.00;71.90;74.64;89.00;0.00;118361
129;1;2015;11;"600815";20.00;14.69;15.42;18.50;0.00;118361
9121;1;2015;11;"B501585";5.00;132.06;129.50;155.00;0.00;118361
14649;1;2015;11;"650715";1.00;383.68;362.13;438.80;0.00;16866
7191;1;2015;11;"3170515";1.00;160.62;161.46;193.50;0.00;16866
14694;1;2015;11;"8031114";5.00;210.98;189.77;231.90;0.00;16866
49768;1;2015;11;"T4A178A";1.00;568.27;583.83;666.40;0.00;16866
53359;1;2015;11;"5CE78A";3.00;78.62;81.17;96.80;0.00;16866
66312;1;2015;11;"5V120";2.00;188.73;187.54;225.00;0.00;16866
68230;1;2015;11;"5V025";5.00;159.96;162.38;194.00;0.00;16866
45047;1;2015;11;"R00710B";2.00;129.69;127.47;153.00;0.00;16866
341;1;2015;11;"T54581A";5.00;110.72;111.33;133.40;0.00;16866
51612;1;2015;11;"K06774";3.00;122.91;129.00;153.50;0.00;16866
48517;1;2015;11;"H2069R";5.00;88.70;87.04;104.70;0.00;16866
51436;1;2015;11;"866320515";1.00;39.00;41.14;50.00;0.00;16860
28714;1;2015;11;"1970915";3.00;91.86;97.46;115.50;0.00;16860
68860;1;2015;11;"90615";2.00;246.15;233.99;283.00;0.00;558
56874;1;2015;11;"90715";1.00;552.10;501.28;581.50;0.00;558
47883;1;2015;11;"S2846";1.00;220.59;226.17;270.00;0.00;558
31943;1;2015;11;"503769";1.00;115.15;122.08;145.00;0.00;558
52130;1;2015;11;"637986";1.00;218.81;223.53;267.00;0.00;558
43948;1;2015;11;"21102015";5.00;28.23;31.89;38.30;0.00;122856
14649;1;2015;11;"650715";3.00;383.68;362.13;438.50;0.00;16866
52290;1;2015;11;"60415";2.00;30.76;28.38;35.00;0.00;16866
47243;1;2015;11;"750515";1.00;317.00;311.29;374.50;0.00;16866
68690;1;2015;11;"BL313";1.00;174.83;163.54;198.50;0.00;16866
45047;1;2015;11;"R00710B";4.00;129.69;127.47;153.00;0.00;16866
55387;1;2015;11;"550915";2.00;19.98;22.56;27.00;0.00;122856
8043;1;2015;11;"ï¿½501861";1.00;339.48;335.74;403.50;0.00;16866
48098;1;2015;11;"987025";1.00;96.46;97.61;116.50;0.00;16866
49550;1;2015;11;"230715";1.00;233.19;228.54;275.00;0.00;558
65340;1;2015;11;"3100315";1.00;163.32;163.58;196.00;0.00;558
49477;1;2015;11;"050615";3.00;79.00;78.66;94.00;0.00;558
60;1;2015;11;"280815";1.00;79.68;78.40;94.00;0.00;558
49579;1;2015;11;"31072015";2.00;279.07;282.36;338.00;0.00;558
68471;1;2015;11;"270815";2.00;273.60;260.43;315.15;0.00;558
48128;1;2015;11;"K13704";1.00;448.29;507.96;573.16;0.00;558
66151;1;2015;11;"197114";2.00;259.91;268.59;320.57;0.00;558
68416;1;2015;11;"BL061";5.00;79.35;86.24;102.11;0.00;558
51523;1;2015;11;"290115";1.00;139.12;145.54;173.36;0.00;16866
58955;1;2015;11;"432610A";2.00;324.58;310.06;374.97;0.00;16866
8378;1;2015;11;"NB0229";5.00;96.50;92.98;112.28;0.00;16866
276;1;2015;11;"V22598";2.00;73.26;84.15;98.50;0.00;16860
67264;1;2015;11;"O13722";3.00;247.29;269.50;318.50;0.00;16860
67892;1;2015;11;"120815";2.00;158.47;131.67;163.36;0.00;16860
68549;1;2015;11;"5G02668";6.00;181.63;207.46;243.78;0.00;16860
51638;1;2015;11;"090915";10.00;87.91;37.84;55.42;0.00;16860
39960;1;2015;11;"560515";2.00;163.77;164.75;197.50;0.00;118361
21634;1;2015;11;"T49469A";1.00;149.27;161.88;191.50;0.00;118361
66244;1;2015;11;"1860615";10.00;15.65;12.61;16.00;0.00;118361
68866;1;2015;11;"40215";2.00;167.63;158.33;191.50;0.00;118361
52121;1;2015;11;"2770913";2.00;230.80;219.00;265.00;0.00;118361
13197;1;2015;11;"EX7934";2.00;186.88;184.49;221.50;0.00;118361
68381;1;2015;11;"026";2.00;226.34;212.09;257.00;0.00;118361
316;1;2015;11;"313062015";2.00;499.85;430.00;529.50;0.00;118361
68458;1;2015;11;"ï¿½225";5.00;66.63;65.09;78.00;0.00;118361
49477;1;2015;11;"050615";5.00;75.46;83.00;98.00;0.00;118361
26863;1;2015;11;"480515";20.00;14.84;16.09;19.00;0.00;118361
60563;1;2015;11;"149976";2.00;69.26;69.32;83.00;0.00;118361
9121;1;2015;11;"B501585";10.00;132.06;129.50;155.50;0.00;118361
31276;1;2015;11;"A35053";2.00;83.39;95.81;112.40;0.00;16860
49551;1;2015;11;"080715";1.00;196.30;199.98;239.00;0.00;16860
51645;1;2015;11;"120915";10.00;58.21;28.82;40.40;0.00;16860
51640;1;2015;11;"080915";10.00;106.92;34.65;56.00;0.00;16860
6513;1;2015;11;"25102015";20.00;37.12;37.95;46.30;0.00;16860
57986;1;2015;11;"011014";1.00;191.81;204.16;242.50;0.00;16860
48842;1;2015;11;"T57821A";5.00;65.13;66.66;79.60;0.00;16860
68800;1;2015;11;"10815";2.00;134.44;110.44;137.30;0.00;16860
68747;1;2015;11;"10614";5.00;177.74;99.88;135.40;0.00;16860
47935;1;2015;11;"735796";2.00;314.14;327.56;390.30;0.00;124097
46125;1;2015;11;"06150892";10.00;43.40;46.18;56.00;0.00;124097
66479;1;2015;11;"34026";1.00;185.04;129.14;166.10;0.00;124097
48189;1;2015;11;"FR8125";2.00;20.23;22.85;27.40;0.00;124097
27385;1;2015;11;"040714";2.00;185.76;159.56;196.70;0.00;118361
11497;1;2015;11;"660515";2.00;30.24;29.97;36.80;0.00;118361
11497;1;2015;11;"950615";13.00;30.24;29.97;36.80;0.00;118361
51350;1;2015;11;"06150902";10.00;84.91;92.44;109.40;0.00;118361
67779;1;2015;11;"A5127";3.00;111.33;95.40;117.60;0.00;118361
52106;1;2015;11;"32110713";2.00;293.38;287.99;346.60;0.00;118361
51059;1;2015;11;"20215";1.00;30.77;31.05;38.00;0.00;118361
50918;1;2015;11;"M5009";3.00;58.00;52.20;63.80;0.00;118361
27065;1;2015;11;"T51768B";1.00;669.69;689.81;787.20;0.00;118361
49830;1;2015;11;"811114";3.00;73.10;75.34;89.90;0.00;16866
64972;1;2015;11;"348914";1.00;349.13;359.78;429.60;0.00;16866
9561;1;2015;11;"721640";2.00;112.84;118.33;140.80;0.00;558
66421;1;2015;11;"349319";1.00;241.35;251.14;299.00;0.00;558
66326;1;2015;11;"1412680";1.00;80.29;87.45;103.50;0.00;558
66328;1;2015;11;"BL651";3.00;97.26;105.71;125.00;0.00;558
67792;1;2015;11;"58005";1.00;336.05;334.20;401.00;0.00;558
44581;1;2015;11;"Y00700";1.00;257.90;284.08;335.50;0.00;124097
35339;1;2015;11;"C723N0315";1.00;54.10;55.29;67.50;0.00;124097
55258;1;2015;11;"BTAFWA0";1.00;106.10;109.00;130.20;0.00;124097
31276;1;2015;11;"A35053";1.00;83.39;94.25;110.90;0.00;124097
51631;1;2015;11;"18VM0515";5.00;27.72;27.62;33.90;0.00;124097
31666;1;2015;11;"C500578";5.00;39.46;42.30;51.20;0.00;124097
49551;1;2015;11;"110715";2.00;196.31;198.90;238.00;0.00;124097
46125;1;2015;11;"06150892";5.00;43.40;46.18;56.00;0.00;124097
66479;1;2015;11;"34026";2.00;185.04;129.14;166.00;0.00;124097
35339;1;2015;11;"C723N0315";1.00;54.10;55.28;66.09;0.00;124097
66324;1;2015;11;"52146";5.00;58.25;59.38;71.00;0.00;124097
68140;1;2015;11;"52016";3.00;102.23;103.30;123.60;0.00;124097
51612;1;2015;11;"K08037";2.00;123.02;129.45;154.00;0.00;124097
48361;1;2015;11;"10315";2.00;32.08;32.29;39.50;0.00;124097
49528;1;2015;11;"47680415";2.00;81.03;75.94;92.00;0.00;124097
48172;1;2015;11;"5E1589";2.00;98.25;99.73;119.00;0.00;124097
66082;1;2015;11;"R00642";2.00;95.58;99.59;118.70;0.00;124097
55258;1;2015;11;"BTAFWA0";1.00;106.10;109.00;130.00;0.00;124097
31276;1;2015;11;"A35053";2.00;83.39;94.25;110.90;0.00;124097
49551;1;2015;11;"110715";1.00;196.31;199.30;238.50;0.00;124097
67792;1;2015;11;"58005";1.00;336.05;339.13;406.00;0.00;124097
68688;1;2015;11;"5A115A";3.00;36.30;35.81;44.00;0.00;124097
30742;1;2015;11;"2770715";1.00;67.41;65.44;78.50;0.00;124097
66975;1;2015;11;"194427";3.00;134.40;142.76;169.50;0.00;124097
66325;1;2015;11;"53174";2.00;116.44;118.99;142.00;0.00;124097
43752;1;2015;11;"BR352";2.00;77.50;84.24;99.50;0.00;124097
68688;1;2015;11;"5A115A";1.00;36.30;35.81;44.00;0.00;124097
66894;1;2015;11;"635";2.00;163.85;160.14;192.50;0.00;124097
30742;1;2015;11;"2000615";2.00;67.41;66.24;79.70;0.00;16866
9087;1;2015;11;"170415";2.00;163.32;138.70;170.00;0.00;16866
27846;1;2015;11;"5BBKAB5A02";1.00;164.40;169.25;202.00;0.00;16866
23825;1;2015;11;"0040115";2.00;75.20;81.05;96.00;0.00;16866
7363;1;2015;11;"050915";5.00;46.95;39.82;50.00;0.00;16866
66311;1;2015;11;"5V044";5.00;43.74;45.03;54.90;0.00;16866
341;1;2015;11;"T54581A";2.00;110.72;111.33;133.40;0.00;16866
52283;1;2015;11;"R13336";5.00;51.38;54.88;65.00;0.00;16866
37064;1;2015;11;"205A0315";3.00;103.28;101.51;122.00;0.00;16866
68289;1;2015;11;"H2195R";2.00;82.87;81.58;98.00;0.00;16866
48517;1;2015;11;"H2069R";3.00;88.70;87.04;104.70;0.00;16866
51763;1;2015;11;"729451";2.00;121.00;127.11;151.00;0.00;124097
43706;1;2015;11;"C739830";1.00;338.60;353.25;420.50;0.00;124097
44581;1;2015;11;"Y00700";2.00;257.90;284.08;335.50;0.00;124097
50979;1;2015;11;"587065";1.00;54.93;56.85;67.00;0.00;124097
68688;1;2015;11;"5A115A";2.00;36.30;35.81;44.00;0.00;124097
68541;1;2015;11;"305189";1.00;140.29;147.16;175.00;0.00;124097
68541;1;2015;11;"070815";1.00;82.50;82.05;98.50;0.00;124097
66975;1;2015;11;"194427";5.00;134.40;142.76;169.50;0.00;124097
66479;1;2015;11;"34026";10.00;185.04;129.14;166.00;0.00;124097
68273;1;2015;11;"BM808";5.00;119.03;130.00;153.50;0.00;124097
49722;1;2015;11;"360615";1.00;114.85;132.07;155.00;0.00;122044
316;1;2015;11;"152042015";1.00;350.53;403.07;473.00;0.00;122044
48172;1;2015;11;"5E1587";3.00;98.24;99.72;119.00;0.00;124097
313;1;2015;11;"Y00504";1.00;174.77;192.32;227.00;0.00;124097
50979;1;2015;11;"587065";1.00;54.93;56.85;67.00;0.00;124097
48189;1;2015;11;"FR8125";10.00;20.23;22.85;27.00;0.00;124097
25120;1;2015;11;"NB9679";1.00;334.08;342.36;409.00;0.00;122044
31208;1;2015;11;"190615";10.00;16.67;19.17;22.50;0.00;122044
66082;1;2015;11;"R00642";3.00;95.58;99.59;118.50;0.00;124097
55258;1;2015;11;"BTAFWA0";3.00;106.10;109.00;130.00;0.00;124097
9087;1;2015;11;"260515";3.00;139.00;135.74;163.50;0.00;124097
48720;1;2015;11;"58054";2.00;175.67;177.77;212.50;0.00;124097
51749;1;2015;11;"FM8W";3.00;118.15;125.49;149.00;0.00;124097
68140;1;2015;11;"52016";3.00;102.23;103.30;123.50;0.00;124097
31276;1;2015;11;"A35053";2.00;83.39;94.25;110.50;0.00;124097
48172;1;2015;11;"5E1587";2.00;98.24;99.73;119.00;0.00;124097
28352;1;2015;11;"240615";10.00;9.42;10.83;12.50;0.00;122044
28308;1;2015;11;"880915";5.00;18.73;16.90;21.00;0.00;118361
45860;1;2015;11;"2050715";20.00;24.48;23.40;28.90;0.00;118361
10455;1;2015;11;"350715";5.00;38.89;35.67;44.50;0.00;118361
339;1;2015;11;"B501411";3.00;145.59;148.03;177.00;0.00;118361
57938;1;2015;11;"540915";5.00;63.81;65.65;78.40;0.00;118361
30817;1;2015;11;"1240815";5.00;21.24;22.06;26.80;0.00;118361
32962;1;2015;11;"400415";3.00;29.89;33.00;39.70;0.00;118361
7714;1;2015;11;"4850915";5.00;13.62;12.58;15.60;0.00;118361
67776;1;2015;11;"B401028";2.00;42.63;42.70;52.30;0.00;118361
9839;1;2015;11;"2689709";2.00;65.58;67.45;80.50;0.00;118361
1363;1;2015;11;"4550815";5.00;9.90;7.14;9.30;0.00;118361
24914;1;2015;11;"50715";2.00;65.70;75.55;88.69;0.00;122044
30069;1;2015;11;"440415";3.00;133.61;132.81;159.50;0.00;118361
66326;1;2015;11;"1412666";5.00;80.29;87.43;103.48;0.00;124097
39220;1;2015;11;"70415";5.00;63.93;63.36;76.14;0.00;124097
67598;1;2015;11;"0220915";15.00;37.40;38.50;47.00;0.00;16860
66894;1;2015;11;"464";2.00;160.12;156.64;188.50;0.00;16860
67660;1;2015;11;"400915";10.00;28.16;32.36;38.50;0.00;118361
35185;1;2015;11;"45111214";2.00;251.65;234.38;284.50;0.00;118361
1492;1;2015;11;"4950815";10.00;12.57;8.05;10.50;0.00;118361
66244;1;2015;11;"1860615";5.00;15.65;12.97;16.30;0.00;122044
53129;1;2015;11;"050715";10.00;5.37;5.89;7.00;0.00;122044
480;1;2015;11;"28002970";2.00;186.46;191.64;228.50;0.00;3212
66792;1;2015;11;"N15086";2.00;119.55;126.21;150.00;0.00;3212
257;1;2015;11;"5ANNA61002";1.00;211.96;202.24;244.50;0.00;3212
93;1;2015;11;"170815";10.00;7.59;7.76;9.00;0.00;3212
66803;1;2015;11;"53504";5.00;65.78;69.81;82.96;0.00;118361
52290;1;2015;11;"30315";10.00;32.30;29.00;36.34;0.00;118361
52251;1;2015;11;"5300715";28.00;25.82;27.01;32.87;0.00;118361
30817;1;2015;11;"1240815";10.00;21.24;22.06;26.88;0.00;118361
67299;1;2015;11;"C21104";5.00;43.76;47.03;56.90;0.00;3212
47483;1;2015;11;"730915";5.00;25.06;27.47;33.00;0.00;3212
48184;1;2015;11;"5N1544";6.00;99.50;114.41;134.00;0.00;122044
48505;1;2015;11;"850815";5.00;12.88;14.81;17.70;0.00;122044
276;1;2015;11;"V22601";2.00;73.38;75.22;89.89;0.00;3212
47497;1;2015;11;"51002 (01.2018)";7.00;155.34;156.23;187.29;0.00;3212
68883;1;2015;11;"1940815";10.00;57.78;60.27;71.82;0.00;3212
67792;1;2015;11;"58004";2.00;336.05;340.89;408.10;0.00;3212
49236;1;2015;11;"BTAFHA0";2.00;182.82;189.53;226.09;0.00;16866
58955;1;2015;11;"433437A";2.00;324.59;310.32;375.23;0.00;16866
47321;1;2015;11;"V21178";1.00;233.53;237.44;284.00;0.00;16866
66312;1;2015;11;"5V120";2.00;188.73;187.34;225.00;0.00;16866
239;1;2015;11;"320045";1.00;418.76;413.13;496.50;0.00;16866
51812;1;2015;11;"636991";1.00;351.04;359.06;429.00;0.00;16866
68095;1;2015;11;"9149501";2.00;103.61;103.83;124.50;0.00;16866
68681;1;2015;11;"3054";2.00;87.78;94.60;112.00;0.00;16860
51486;1;2015;11;"10215";20.00;11.40;7.81;10.00;0.00;16860
49984;1;2015;11;"540914";1.00;727.36;730.86;836.65;0.00;558
50913;1;2015;11;"200515";1.00;222.60;219.47;263.98;0.00;558
68143;1;2015;11;"B189N0315";1.00;72.53;70.95;85.45;0.00;558
42613;1;2015;11;"201972";2.00;137.94;150.70;178.28;0.00;16860
66894;1;2015;11;"464";5.00;160.12;158.40;190.42;0.00;16860
